full_date,date_key,year,quarter,month,month_name,week,day_of_week,is_weekend
2016-09-04,20160904,2016,3,9,September,35,Sunday,True
2016-09-05,20160905,2016,3,9,September,36,Monday,False
2016-09-06,20160906,2016,3,9,September,36,Tuesday,False
2016-09-07,20160907,2016,3,9,September,36,Wednesday,False
2016-09-08,20160908,2016,3,9,September,36,Thursday,False
2016-09-09,20160909,2016,3,9,September,36,Friday,False
2016-09-10,20160910,2016,3,9,September,36,Saturday,True
2016-09-11,20160911,2016,3,9,September,36,Sunday,True
2016-09-12,20160912,2016,3,9,September,37,Monday,False
2016-09-13,20160913,2016,3,9,September,37,Tuesday,False
2016-09-14,20160914,2016,3,9,September,37,Wednesday,False
2016-09-15,20160915,2016,3,9,September,37,Thursday,False
2016-09-16,20160916,2016,3,9,September,37,Friday,False
2016-09-17,20160917,2016,3,9,September,37,Saturday,True
2016-09-18,20160918,2016,3,9,September,37,Sunday,True
2016-09-19,20160919,2016,3,9,September,38,Monday,False
2016-09-20,20160920,2016,3,9,September,38,Tuesday,False
2016-09-21,20160921,2016,3,9,September,38,Wednesday,False
2016-09-22,20160922,2016,3,9,September,38,Thursday,False
2016-09-23,20160923,2016,3,9,September,38,Friday,False
2016-09-24,20160924,2016,3,9,September,38,Saturday,True
2016-09-25,20160925,2016,3,9,September,38,Sunday,True
2016-09-26,20160926,2016,3,9,September,39,Monday,False
2016-09-27,20160927,2016,3,9,September,39,Tuesday,False
2016-09-28,20160928,2016,3,9,September,39,Wednesday,False
2016-09-29,20160929,2016,3,9,September,39,Thursday,False
2016-09-30,20160930,2016,3,9,September,39,Friday,False
2016-10-01,20161001,2016,4,10,October,39,Saturday,True
2016-10-02,20161002,2016,4,10,October,39,Sunday,True
2016-10-03,20161003,2016,4,10,October,40,Monday,False
2016-10-04,20161004,2016,4,10,October,40,Tuesday,False
2016-10-05,20161005,2016,4,10,October,40,Wednesday,False
2016-10-06,20161006,2016,4,10,October,40,Thursday,False
2016-10-07,20161007,2016,4,10,October,40,Friday,False
2016-10-08,20161008,2016,4,10,October,40,Saturday,True
2016-10-09,20161009,2016,4,10,October,40,Sunday,True
2016-10-10,20161010,2016,4,10,October,41,Monday,False
2016-10-11,20161011,2016,4,10,October,41,Tuesday,False
2016-10-12,20161012,2016,4,10,October,41,Wednesday,False
2016-10-13,20161013,2016,4,10,October,41,Thursday,False
2016-10-14,20161014,2016,4,10,October,41,Friday,False
2016-10-15,20161015,2016,4,10,October,41,Saturday,True
2016-10-16,20161016,2016,4,10,October,41,Sunday,True
2016-10-17,20161017,2016,4,10,October,42,Monday,False
2016-10-18,20161018,2016,4,10,October,42,Tuesday,False
2016-10-19,20161019,2016,4,10,October,42,Wednesday,False
2016-10-20,20161020,2016,4,10,October,42,Thursday,False
2016-10-21,20161021,2016,4,10,October,42,Friday,False
2016-10-22,20161022,2016,4,10,October,42,Saturday,True
2016-10-23,20161023,2016,4,10,October,42,Sunday,True
2016-10-24,20161024,2016,4,10,October,43,Monday,False
2016-10-25,20161025,2016,4,10,October,43,Tuesday,False
2016-10-26,20161026,2016,4,10,October,43,Wednesday,False
2016-10-27,20161027,2016,4,10,October,43,Thursday,False
2016-10-28,20161028,2016,4,10,October,43,Friday,False
2016-10-29,20161029,2016,4,10,October,43,Saturday,True
2016-10-30,20161030,2016,4,10,October,43,Sunday,True
2016-10-31,20161031,2016,4,10,October,44,Monday,False
2016-11-01,20161101,2016,4,11,November,44,Tuesday,False
2016-11-02,20161102,2016,4,11,November,44,Wednesday,False
2016-11-03,20161103,2016,4,11,November,44,Thursday,False
2016-11-04,20161104,2016,4,11,November,44,Friday,False
2016-11-05,20161105,2016,4,11,November,44,Saturday,True
2016-11-06,20161106,2016,4,11,November,44,Sunday,True
2016-11-07,20161107,2016,4,11,November,45,Monday,False
2016-11-08,20161108,2016,4,11,November,45,Tuesday,False
2016-11-09,20161109,2016,4,11,November,45,Wednesday,False
2016-11-10,20161110,2016,4,11,November,45,Thursday,False
2016-11-11,20161111,2016,4,11,November,45,Friday,False
2016-11-12,20161112,2016,4,11,November,45,Saturday,True
2016-11-13,20161113,2016,4,11,November,45,Sunday,True
2016-11-14,20161114,2016,4,11,November,46,Monday,False
2016-11-15,20161115,2016,4,11,November,46,Tuesday,False
2016-11-16,20161116,2016,4,11,November,46,Wednesday,False
2016-11-17,20161117,2016,4,11,November,46,Thursday,False
2016-11-18,20161118,2016,4,11,November,46,Friday,False
2016-11-19,20161119,2016,4,11,November,46,Saturday,True
2016-11-20,20161120,2016,4,11,November,46,Sunday,True
2016-11-21,20161121,2016,4,11,November,47,Monday,False
2016-11-22,20161122,2016,4,11,November,47,Tuesday,False
2016-11-23,20161123,2016,4,11,November,47,Wednesday,False
2016-11-24,20161124,2016,4,11,November,47,Thursday,False
2016-11-25,20161125,2016,4,11,November,47,Friday,False
2016-11-26,20161126,2016,4,11,November,47,Saturday,True
2016-11-27,20161127,2016,4,11,November,47,Sunday,True
2016-11-28,20161128,2016,4,11,November,48,Monday,False
2016-11-29,20161129,2016,4,11,November,48,Tuesday,False
2016-11-30,20161130,2016,4,11,November,48,Wednesday,False
2016-12-01,20161201,2016,4,12,December,48,Thursday,False
2016-12-02,20161202,2016,4,12,December,48,Friday,False
2016-12-03,20161203,2016,4,12,December,48,Saturday,True
2016-12-04,20161204,2016,4,12,December,48,Sunday,True
2016-12-05,20161205,2016,4,12,December,49,Monday,False
2016-12-06,20161206,2016,4,12,December,49,Tuesday,False
2016-12-07,20161207,2016,4,12,December,49,Wednesday,False
2016-12-08,20161208,2016,4,12,December,49,Thursday,False
2016-12-09,20161209,2016,4,12,December,49,Friday,False
2016-12-10,20161210,2016,4,12,December,49,Saturday,True
2016-12-11,20161211,2016,4,12,December,49,Sunday,True
2016-12-12,20161212,2016,4,12,December,50,Monday,False
2016-12-13,20161213,2016,4,12,December,50,Tuesday,False
2016-12-14,20161214,2016,4,12,December,50,Wednesday,False
2016-12-15,20161215,2016,4,12,December,50,Thursday,False
2016-12-16,20161216,2016,4,12,December,50,Friday,False
2016-12-17,20161217,2016,4,12,December,50,Saturday,True
2016-12-18,20161218,2016,4,12,December,50,Sunday,True
2016-12-19,20161219,2016,4,12,December,51,Monday,False
2016-12-20,20161220,2016,4,12,December,51,Tuesday,False
2016-12-21,20161221,2016,4,12,December,51,Wednesday,False
2016-12-22,20161222,2016,4,12,December,51,Thursday,False
2016-12-23,20161223,2016,4,12,December,51,Friday,False
2016-12-24,20161224,2016,4,12,December,51,Saturday,True
2016-12-25,20161225,2016,4,12,December,51,Sunday,True
2016-12-26,20161226,2016,4,12,December,52,Monday,False
2016-12-27,20161227,2016,4,12,December,52,Tuesday,False
2016-12-28,20161228,2016,4,12,December,52,Wednesday,False
2016-12-29,20161229,2016,4,12,December,52,Thursday,False
2016-12-30,20161230,2016,4,12,December,52,Friday,False
2016-12-31,20161231,2016,4,12,December,52,Saturday,True
2017-01-01,20170101,2017,1,1,January,52,Sunday,True
2017-01-02,20170102,2017,1,1,January,1,Monday,False
2017-01-03,20170103,2017,1,1,January,1,Tuesday,False
2017-01-04,20170104,2017,1,1,January,1,Wednesday,False
2017-01-05,20170105,2017,1,1,January,1,Thursday,False
2017-01-06,20170106,2017,1,1,January,1,Friday,False
2017-01-07,20170107,2017,1,1,January,1,Saturday,True
2017-01-08,20170108,2017,1,1,January,1,Sunday,True
2017-01-09,20170109,2017,1,1,January,2,Monday,False
2017-01-10,20170110,2017,1,1,January,2,Tuesday,False
2017-01-11,20170111,2017,1,1,January,2,Wednesday,False
2017-01-12,20170112,2017,1,1,January,2,Thursday,False
2017-01-13,20170113,2017,1,1,January,2,Friday,False
2017-01-14,20170114,2017,1,1,January,2,Saturday,True
2017-01-15,20170115,2017,1,1,January,2,Sunday,True
2017-01-16,20170116,2017,1,1,January,3,Monday,False
2017-01-17,20170117,2017,1,1,January,3,Tuesday,False
2017-01-18,20170118,2017,1,1,January,3,Wednesday,False
2017-01-19,20170119,2017,1,1,January,3,Thursday,False
2017-01-20,20170120,2017,1,1,January,3,Friday,False
2017-01-21,20170121,2017,1,1,January,3,Saturday,True
2017-01-22,20170122,2017,1,1,January,3,Sunday,True
2017-01-23,20170123,2017,1,1,January,4,Monday,False
2017-01-24,20170124,2017,1,1,January,4,Tuesday,False
2017-01-25,20170125,2017,1,1,January,4,Wednesday,False
2017-01-26,20170126,2017,1,1,January,4,Thursday,False
2017-01-27,20170127,2017,1,1,January,4,Friday,False
2017-01-28,20170128,2017,1,1,January,4,Saturday,True
2017-01-29,20170129,2017,1,1,January,4,Sunday,True
2017-01-30,20170130,2017,1,1,January,5,Monday,False
2017-01-31,20170131,2017,1,1,January,5,Tuesday,False
2017-02-01,20170201,2017,1,2,February,5,Wednesday,False
2017-02-02,20170202,2017,1,2,February,5,Thursday,False
2017-02-03,20170203,2017,1,2,February,5,Friday,False
2017-02-04,20170204,2017,1,2,February,5,Saturday,True
2017-02-05,20170205,2017,1,2,February,5,Sunday,True
2017-02-06,20170206,2017,1,2,February,6,Monday,False
2017-02-07,20170207,2017,1,2,February,6,Tuesday,False
2017-02-08,20170208,2017,1,2,February,6,Wednesday,False
2017-02-09,20170209,2017,1,2,February,6,Thursday,False
2017-02-10,20170210,2017,1,2,February,6,Friday,False
2017-02-11,20170211,2017,1,2,February,6,Saturday,True
2017-02-12,20170212,2017,1,2,February,6,Sunday,True
2017-02-13,20170213,2017,1,2,February,7,Monday,False
2017-02-14,20170214,2017,1,2,February,7,Tuesday,False
2017-02-15,20170215,2017,1,2,February,7,Wednesday,False
2017-02-16,20170216,2017,1,2,February,7,Thursday,False
2017-02-17,20170217,2017,1,2,February,7,Friday,False
2017-02-18,20170218,2017,1,2,February,7,Saturday,True
2017-02-19,20170219,2017,1,2,February,7,Sunday,True
2017-02-20,20170220,2017,1,2,February,8,Monday,False
2017-02-21,20170221,2017,1,2,February,8,Tuesday,False
2017-02-22,20170222,2017,1,2,February,8,Wednesday,False
2017-02-23,20170223,2017,1,2,February,8,Thursday,False
2017-02-24,20170224,2017,1,2,February,8,Friday,False
2017-02-25,20170225,2017,1,2,February,8,Saturday,True
2017-02-26,20170226,2017,1,2,February,8,Sunday,True
2017-02-27,20170227,2017,1,2,February,9,Monday,False
2017-02-28,20170228,2017,1,2,February,9,Tuesday,False
2017-03-01,20170301,2017,1,3,March,9,Wednesday,False
2017-03-02,20170302,2017,1,3,March,9,Thursday,False
2017-03-03,20170303,2017,1,3,March,9,Friday,False
2017-03-04,20170304,2017,1,3,March,9,Saturday,True
2017-03-05,20170305,2017,1,3,March,9,Sunday,True
2017-03-06,20170306,2017,1,3,March,10,Monday,False
2017-03-07,20170307,2017,1,3,March,10,Tuesday,False
2017-03-08,20170308,2017,1,3,March,10,Wednesday,False
2017-03-09,20170309,2017,1,3,March,10,Thursday,False
2017-03-10,20170310,2017,1,3,March,10,Friday,False
2017-03-11,20170311,2017,1,3,March,10,Saturday,True
2017-03-12,20170312,2017,1,3,March,10,Sunday,True
2017-03-13,20170313,2017,1,3,March,11,Monday,False
2017-03-14,20170314,2017,1,3,March,11,Tuesday,False
2017-03-15,20170315,2017,1,3,March,11,Wednesday,False
2017-03-16,20170316,2017,1,3,March,11,Thursday,False
2017-03-17,20170317,2017,1,3,March,11,Friday,False
2017-03-18,20170318,2017,1,3,March,11,Saturday,True
2017-03-19,20170319,2017,1,3,March,11,Sunday,True
2017-03-20,20170320,2017,1,3,March,12,Monday,False
2017-03-21,20170321,2017,1,3,March,12,Tuesday,False
2017-03-22,20170322,2017,1,3,March,12,Wednesday,False
2017-03-23,20170323,2017,1,3,March,12,Thursday,False
2017-03-24,20170324,2017,1,3,March,12,Friday,False
2017-03-25,20170325,2017,1,3,March,12,Saturday,True
2017-03-26,20170326,2017,1,3,March,12,Sunday,True
2017-03-27,20170327,2017,1,3,March,13,Monday,False
2017-03-28,20170328,2017,1,3,March,13,Tuesday,False
2017-03-29,20170329,2017,1,3,March,13,Wednesday,False
2017-03-30,20170330,2017,1,3,March,13,Thursday,False
2017-03-31,20170331,2017,1,3,March,13,Friday,False
2017-04-01,20170401,2017,2,4,April,13,Saturday,True
2017-04-02,20170402,2017,2,4,April,13,Sunday,True
2017-04-03,20170403,2017,2,4,April,14,Monday,False
2017-04-04,20170404,2017,2,4,April,14,Tuesday,False
2017-04-05,20170405,2017,2,4,April,14,Wednesday,False
2017-04-06,20170406,2017,2,4,April,14,Thursday,False
2017-04-07,20170407,2017,2,4,April,14,Friday,False
2017-04-08,20170408,2017,2,4,April,14,Saturday,True
2017-04-09,20170409,2017,2,4,April,14,Sunday,True
2017-04-10,20170410,2017,2,4,April,15,Monday,False
2017-04-11,20170411,2017,2,4,April,15,Tuesday,False
2017-04-12,20170412,2017,2,4,April,15,Wednesday,False
2017-04-13,20170413,2017,2,4,April,15,Thursday,False
2017-04-14,20170414,2017,2,4,April,15,Friday,False
2017-04-15,20170415,2017,2,4,April,15,Saturday,True
2017-04-16,20170416,2017,2,4,April,15,Sunday,True
2017-04-17,20170417,2017,2,4,April,16,Monday,False
2017-04-18,20170418,2017,2,4,April,16,Tuesday,False
2017-04-19,20170419,2017,2,4,April,16,Wednesday,False
2017-04-20,20170420,2017,2,4,April,16,Thursday,False
2017-04-21,20170421,2017,2,4,April,16,Friday,False
2017-04-22,20170422,2017,2,4,April,16,Saturday,True
2017-04-23,20170423,2017,2,4,April,16,Sunday,True
2017-04-24,20170424,2017,2,4,April,17,Monday,False
2017-04-25,20170425,2017,2,4,April,17,Tuesday,False
2017-04-26,20170426,2017,2,4,April,17,Wednesday,False
2017-04-27,20170427,2017,2,4,April,17,Thursday,False
2017-04-28,20170428,2017,2,4,April,17,Friday,False
2017-04-29,20170429,2017,2,4,April,17,Saturday,True
2017-04-30,20170430,2017,2,4,April,17,Sunday,True
2017-05-01,20170501,2017,2,5,May,18,Monday,False
2017-05-02,20170502,2017,2,5,May,18,Tuesday,False
2017-05-03,20170503,2017,2,5,May,18,Wednesday,False
2017-05-04,20170504,2017,2,5,May,18,Thursday,False
2017-05-05,20170505,2017,2,5,May,18,Friday,False
2017-05-06,20170506,2017,2,5,May,18,Saturday,True
2017-05-07,20170507,2017,2,5,May,18,Sunday,True
2017-05-08,20170508,2017,2,5,May,19,Monday,False
2017-05-09,20170509,2017,2,5,May,19,Tuesday,False
2017-05-10,20170510,2017,2,5,May,19,Wednesday,False
2017-05-11,20170511,2017,2,5,May,19,Thursday,False
2017-05-12,20170512,2017,2,5,May,19,Friday,False
2017-05-13,20170513,2017,2,5,May,19,Saturday,True
2017-05-14,20170514,2017,2,5,May,19,Sunday,True
2017-05-15,20170515,2017,2,5,May,20,Monday,False
2017-05-16,20170516,2017,2,5,May,20,Tuesday,False
2017-05-17,20170517,2017,2,5,May,20,Wednesday,False
2017-05-18,20170518,2017,2,5,May,20,Thursday,False
2017-05-19,20170519,2017,2,5,May,20,Friday,False
2017-05-20,20170520,2017,2,5,May,20,Saturday,True
2017-05-21,20170521,2017,2,5,May,20,Sunday,True
2017-05-22,20170522,2017,2,5,May,21,Monday,False
2017-05-23,20170523,2017,2,5,May,21,Tuesday,False
2017-05-24,20170524,2017,2,5,May,21,Wednesday,False
2017-05-25,20170525,2017,2,5,May,21,Thursday,False
2017-05-26,20170526,2017,2,5,May,21,Friday,False
2017-05-27,20170527,2017,2,5,May,21,Saturday,True
2017-05-28,20170528,2017,2,5,May,21,Sunday,True
2017-05-29,20170529,2017,2,5,May,22,Monday,False
2017-05-30,20170530,2017,2,5,May,22,Tuesday,False
2017-05-31,20170531,2017,2,5,May,22,Wednesday,False
2017-06-01,20170601,2017,2,6,June,22,Thursday,False
2017-06-02,20170602,2017,2,6,June,22,Friday,False
2017-06-03,20170603,2017,2,6,June,22,Saturday,True
2017-06-04,20170604,2017,2,6,June,22,Sunday,True
2017-06-05,20170605,2017,2,6,June,23,Monday,False
2017-06-06,20170606,2017,2,6,June,23,Tuesday,False
2017-06-07,20170607,2017,2,6,June,23,Wednesday,False
2017-06-08,20170608,2017,2,6,June,23,Thursday,False
2017-06-09,20170609,2017,2,6,June,23,Friday,False
2017-06-10,20170610,2017,2,6,June,23,Saturday,True
2017-06-11,20170611,2017,2,6,June,23,Sunday,True
2017-06-12,20170612,2017,2,6,June,24,Monday,False
2017-06-13,20170613,2017,2,6,June,24,Tuesday,False
2017-06-14,20170614,2017,2,6,June,24,Wednesday,False
2017-06-15,20170615,2017,2,6,June,24,Thursday,False
2017-06-16,20170616,2017,2,6,June,24,Friday,False
2017-06-17,20170617,2017,2,6,June,24,Saturday,True
2017-06-18,20170618,2017,2,6,June,24,Sunday,True
2017-06-19,20170619,2017,2,6,June,25,Monday,False
2017-06-20,20170620,2017,2,6,June,25,Tuesday,False
2017-06-21,20170621,2017,2,6,June,25,Wednesday,False
2017-06-22,20170622,2017,2,6,June,25,Thursday,False
2017-06-23,20170623,2017,2,6,June,25,Friday,False
2017-06-24,20170624,2017,2,6,June,25,Saturday,True
2017-06-25,20170625,2017,2,6,June,25,Sunday,True
2017-06-26,20170626,2017,2,6,June,26,Monday,False
2017-06-27,20170627,2017,2,6,June,26,Tuesday,False
2017-06-28,20170628,2017,2,6,June,26,Wednesday,False
2017-06-29,20170629,2017,2,6,June,26,Thursday,False
2017-06-30,20170630,2017,2,6,June,26,Friday,False
2017-07-01,20170701,2017,3,7,July,26,Saturday,True
2017-07-02,20170702,2017,3,7,July,26,Sunday,True
2017-07-03,20170703,2017,3,7,July,27,Monday,False
2017-07-04,20170704,2017,3,7,July,27,Tuesday,False
2017-07-05,20170705,2017,3,7,July,27,Wednesday,False
2017-07-06,20170706,2017,3,7,July,27,Thursday,False
2017-07-07,20170707,2017,3,7,July,27,Friday,False
2017-07-08,20170708,2017,3,7,July,27,Saturday,True
2017-07-09,20170709,2017,3,7,July,27,Sunday,True
2017-07-10,20170710,2017,3,7,July,28,Monday,False
2017-07-11,20170711,2017,3,7,July,28,Tuesday,False
2017-07-12,20170712,2017,3,7,July,28,Wednesday,False
2017-07-13,20170713,2017,3,7,July,28,Thursday,False
2017-07-14,20170714,2017,3,7,July,28,Friday,False
2017-07-15,20170715,2017,3,7,July,28,Saturday,True
2017-07-16,20170716,2017,3,7,July,28,Sunday,True
2017-07-17,20170717,2017,3,7,July,29,Monday,False
2017-07-18,20170718,2017,3,7,July,29,Tuesday,False
2017-07-19,20170719,2017,3,7,July,29,Wednesday,False
2017-07-20,20170720,2017,3,7,July,29,Thursday,False
2017-07-21,20170721,2017,3,7,July,29,Friday,False
2017-07-22,20170722,2017,3,7,July,29,Saturday,True
2017-07-23,20170723,2017,3,7,July,29,Sunday,True
2017-07-24,20170724,2017,3,7,July,30,Monday,False
2017-07-25,20170725,2017,3,7,July,30,Tuesday,False
2017-07-26,20170726,2017,3,7,July,30,Wednesday,False
2017-07-27,20170727,2017,3,7,July,30,Thursday,False
2017-07-28,20170728,2017,3,7,July,30,Friday,False
2017-07-29,20170729,2017,3,7,July,30,Saturday,True
2017-07-30,20170730,2017,3,7,July,30,Sunday,True
2017-07-31,20170731,2017,3,7,July,31,Monday,False
2017-08-01,20170801,2017,3,8,August,31,Tuesday,False
2017-08-02,20170802,2017,3,8,August,31,Wednesday,False
2017-08-03,20170803,2017,3,8,August,31,Thursday,False
2017-08-04,20170804,2017,3,8,August,31,Friday,False
2017-08-05,20170805,2017,3,8,August,31,Saturday,True
2017-08-06,20170806,2017,3,8,August,31,Sunday,True
2017-08-07,20170807,2017,3,8,August,32,Monday,False
2017-08-08,20170808,2017,3,8,August,32,Tuesday,False
2017-08-09,20170809,2017,3,8,August,32,Wednesday,False
2017-08-10,20170810,2017,3,8,August,32,Thursday,False
2017-08-11,20170811,2017,3,8,August,32,Friday,False
2017-08-12,20170812,2017,3,8,August,32,Saturday,True
2017-08-13,20170813,2017,3,8,August,32,Sunday,True
2017-08-14,20170814,2017,3,8,August,33,Monday,False
2017-08-15,20170815,2017,3,8,August,33,Tuesday,False
2017-08-16,20170816,2017,3,8,August,33,Wednesday,False
2017-08-17,20170817,2017,3,8,August,33,Thursday,False
2017-08-18,20170818,2017,3,8,August,33,Friday,False
2017-08-19,20170819,2017,3,8,August,33,Saturday,True
2017-08-20,20170820,2017,3,8,August,33,Sunday,True
2017-08-21,20170821,2017,3,8,August,34,Monday,False
2017-08-22,20170822,2017,3,8,August,34,Tuesday,False
2017-08-23,20170823,2017,3,8,August,34,Wednesday,False
2017-08-24,20170824,2017,3,8,August,34,Thursday,False
2017-08-25,20170825,2017,3,8,August,34,Friday,False
2017-08-26,20170826,2017,3,8,August,34,Saturday,True
2017-08-27,20170827,2017,3,8,August,34,Sunday,True
2017-08-28,20170828,2017,3,8,August,35,Monday,False
2017-08-29,20170829,2017,3,8,August,35,Tuesday,False
2017-08-30,20170830,2017,3,8,August,35,Wednesday,False
2017-08-31,20170831,2017,3,8,August,35,Thursday,False
2017-09-01,20170901,2017,3,9,September,35,Friday,False
2017-09-02,20170902,2017,3,9,September,35,Saturday,True
2017-09-03,20170903,2017,3,9,September,35,Sunday,True
2017-09-04,20170904,2017,3,9,September,36,Monday,False
2017-09-05,20170905,2017,3,9,September,36,Tuesday,False
2017-09-06,20170906,2017,3,9,September,36,Wednesday,False
2017-09-07,20170907,2017,3,9,September,36,Thursday,False
2017-09-08,20170908,2017,3,9,September,36,Friday,False
2017-09-09,20170909,2017,3,9,September,36,Saturday,True
2017-09-10,20170910,2017,3,9,September,36,Sunday,True
2017-09-11,20170911,2017,3,9,September,37,Monday,False
2017-09-12,20170912,2017,3,9,September,37,Tuesday,False
2017-09-13,20170913,2017,3,9,September,37,Wednesday,False
2017-09-14,20170914,2017,3,9,September,37,Thursday,False
2017-09-15,20170915,2017,3,9,September,37,Friday,False
2017-09-16,20170916,2017,3,9,September,37,Saturday,True
2017-09-17,20170917,2017,3,9,September,37,Sunday,True
2017-09-18,20170918,2017,3,9,September,38,Monday,False
2017-09-19,20170919,2017,3,9,September,38,Tuesday,False
2017-09-20,20170920,2017,3,9,September,38,Wednesday,False
2017-09-21,20170921,2017,3,9,September,38,Thursday,False
2017-09-22,20170922,2017,3,9,September,38,Friday,False
2017-09-23,20170923,2017,3,9,September,38,Saturday,True
2017-09-24,20170924,2017,3,9,September,38,Sunday,True
2017-09-25,20170925,2017,3,9,September,39,Monday,False
2017-09-26,20170926,2017,3,9,September,39,Tuesday,False
2017-09-27,20170927,2017,3,9,September,39,Wednesday,False
2017-09-28,20170928,2017,3,9,September,39,Thursday,False
2017-09-29,20170929,2017,3,9,September,39,Friday,False
2017-09-30,20170930,2017,3,9,September,39,Saturday,True
2017-10-01,20171001,2017,4,10,October,39,Sunday,True
2017-10-02,20171002,2017,4,10,October,40,Monday,False
2017-10-03,20171003,2017,4,10,October,40,Tuesday,False
2017-10-04,20171004,2017,4,10,October,40,Wednesday,False
2017-10-05,20171005,2017,4,10,October,40,Thursday,False
2017-10-06,20171006,2017,4,10,October,40,Friday,False
2017-10-07,20171007,2017,4,10,October,40,Saturday,True
2017-10-08,20171008,2017,4,10,October,40,Sunday,True
2017-10-09,20171009,2017,4,10,October,41,Monday,False
2017-10-10,20171010,2017,4,10,October,41,Tuesday,False
2017-10-11,20171011,2017,4,10,October,41,Wednesday,False
2017-10-12,20171012,2017,4,10,October,41,Thursday,False
2017-10-13,20171013,2017,4,10,October,41,Friday,False
2017-10-14,20171014,2017,4,10,October,41,Saturday,True
2017-10-15,20171015,2017,4,10,October,41,Sunday,True
2017-10-16,20171016,2017,4,10,October,42,Monday,False
2017-10-17,20171017,2017,4,10,October,42,Tuesday,False
2017-10-18,20171018,2017,4,10,October,42,Wednesday,False
2017-10-19,20171019,2017,4,10,October,42,Thursday,False
2017-10-20,20171020,2017,4,10,October,42,Friday,False
2017-10-21,20171021,2017,4,10,October,42,Saturday,True
2017-10-22,20171022,2017,4,10,October,42,Sunday,True
2017-10-23,20171023,2017,4,10,October,43,Monday,False
2017-10-24,20171024,2017,4,10,October,43,Tuesday,False
2017-10-25,20171025,2017,4,10,October,43,Wednesday,False
2017-10-26,20171026,2017,4,10,October,43,Thursday,False
2017-10-27,20171027,2017,4,10,October,43,Friday,False
2017-10-28,20171028,2017,4,10,October,43,Saturday,True
2017-10-29,20171029,2017,4,10,October,43,Sunday,True
2017-10-30,20171030,2017,4,10,October,44,Monday,False
2017-10-31,20171031,2017,4,10,October,44,Tuesday,False
2017-11-01,20171101,2017,4,11,November,44,Wednesday,False
2017-11-02,20171102,2017,4,11,November,44,Thursday,False
2017-11-03,20171103,2017,4,11,November,44,Friday,False
2017-11-04,20171104,2017,4,11,November,44,Saturday,True
2017-11-05,20171105,2017,4,11,November,44,Sunday,True
2017-11-06,20171106,2017,4,11,November,45,Monday,False
2017-11-07,20171107,2017,4,11,November,45,Tuesday,False
2017-11-08,20171108,2017,4,11,November,45,Wednesday,False
2017-11-09,20171109,2017,4,11,November,45,Thursday,False
2017-11-10,20171110,2017,4,11,November,45,Friday,False
2017-11-11,20171111,2017,4,11,November,45,Saturday,True
2017-11-12,20171112,2017,4,11,November,45,Sunday,True
2017-11-13,20171113,2017,4,11,November,46,Monday,False
2017-11-14,20171114,2017,4,11,November,46,Tuesday,False
2017-11-15,20171115,2017,4,11,November,46,Wednesday,False
2017-11-16,20171116,2017,4,11,November,46,Thursday,False
2017-11-17,20171117,2017,4,11,November,46,Friday,False
2017-11-18,20171118,2017,4,11,November,46,Saturday,True
2017-11-19,20171119,2017,4,11,November,46,Sunday,True
2017-11-20,20171120,2017,4,11,November,47,Monday,False
2017-11-21,20171121,2017,4,11,November,47,Tuesday,False
2017-11-22,20171122,2017,4,11,November,47,Wednesday,False
2017-11-23,20171123,2017,4,11,November,47,Thursday,False
2017-11-24,20171124,2017,4,11,November,47,Friday,False
2017-11-25,20171125,2017,4,11,November,47,Saturday,True
2017-11-26,20171126,2017,4,11,November,47,Sunday,True
2017-11-27,20171127,2017,4,11,November,48,Monday,False
2017-11-28,20171128,2017,4,11,November,48,Tuesday,False
2017-11-29,20171129,2017,4,11,November,48,Wednesday,False
2017-11-30,20171130,2017,4,11,November,48,Thursday,False
2017-12-01,20171201,2017,4,12,December,48,Friday,False
2017-12-02,20171202,2017,4,12,December,48,Saturday,True
2017-12-03,20171203,2017,4,12,December,48,Sunday,True
2017-12-04,20171204,2017,4,12,December,49,Monday,False
2017-12-05,20171205,2017,4,12,December,49,Tuesday,False
2017-12-06,20171206,2017,4,12,December,49,Wednesday,False
2017-12-07,20171207,2017,4,12,December,49,Thursday,False
2017-12-08,20171208,2017,4,12,December,49,Friday,False
2017-12-09,20171209,2017,4,12,December,49,Saturday,True
2017-12-10,20171210,2017,4,12,December,49,Sunday,True
2017-12-11,20171211,2017,4,12,December,50,Monday,False
2017-12-12,20171212,2017,4,12,December,50,Tuesday,False
2017-12-13,20171213,2017,4,12,December,50,Wednesday,False
2017-12-14,20171214,2017,4,12,December,50,Thursday,False
2017-12-15,20171215,2017,4,12,December,50,Friday,False
2017-12-16,20171216,2017,4,12,December,50,Saturday,True
2017-12-17,20171217,2017,4,12,December,50,Sunday,True
2017-12-18,20171218,2017,4,12,December,51,Monday,False
2017-12-19,20171219,2017,4,12,December,51,Tuesday,False
2017-12-20,20171220,2017,4,12,December,51,Wednesday,False
2017-12-21,20171221,2017,4,12,December,51,Thursday,False
2017-12-22,20171222,2017,4,12,December,51,Friday,False
2017-12-23,20171223,2017,4,12,December,51,Saturday,True
2017-12-24,20171224,2017,4,12,December,51,Sunday,True
2017-12-25,20171225,2017,4,12,December,52,Monday,False
2017-12-26,20171226,2017,4,12,December,52,Tuesday,False
2017-12-27,20171227,2017,4,12,December,52,Wednesday,False
2017-12-28,20171228,2017,4,12,December,52,Thursday,False
2017-12-29,20171229,2017,4,12,December,52,Friday,False
2017-12-30,20171230,2017,4,12,December,52,Saturday,True
2017-12-31,20171231,2017,4,12,December,52,Sunday,True
2018-01-01,20180101,2018,1,1,January,1,Monday,False
2018-01-02,20180102,2018,1,1,January,1,Tuesday,False
2018-01-03,20180103,2018,1,1,January,1,Wednesday,False
2018-01-04,20180104,2018,1,1,January,1,Thursday,False
2018-01-05,20180105,2018,1,1,January,1,Friday,False
2018-01-06,20180106,2018,1,1,January,1,Saturday,True
2018-01-07,20180107,2018,1,1,January,1,Sunday,True
2018-01-08,20180108,2018,1,1,January,2,Monday,False
2018-01-09,20180109,2018,1,1,January,2,Tuesday,False
2018-01-10,20180110,2018,1,1,January,2,Wednesday,False
2018-01-11,20180111,2018,1,1,January,2,Thursday,False
2018-01-12,20180112,2018,1,1,January,2,Friday,False
2018-01-13,20180113,2018,1,1,January,2,Saturday,True
2018-01-14,20180114,2018,1,1,January,2,Sunday,True
2018-01-15,20180115,2018,1,1,January,3,Monday,False
2018-01-16,20180116,2018,1,1,January,3,Tuesday,False
2018-01-17,20180117,2018,1,1,January,3,Wednesday,False
2018-01-18,20180118,2018,1,1,January,3,Thursday,False
2018-01-19,20180119,2018,1,1,January,3,Friday,False
2018-01-20,20180120,2018,1,1,January,3,Saturday,True
2018-01-21,20180121,2018,1,1,January,3,Sunday,True
2018-01-22,20180122,2018,1,1,January,4,Monday,False
2018-01-23,20180123,2018,1,1,January,4,Tuesday,False
2018-01-24,20180124,2018,1,1,January,4,Wednesday,False
2018-01-25,20180125,2018,1,1,January,4,Thursday,False
2018-01-26,20180126,2018,1,1,January,4,Friday,False
2018-01-27,20180127,2018,1,1,January,4,Saturday,True
2018-01-28,20180128,2018,1,1,January,4,Sunday,True
2018-01-29,20180129,2018,1,1,January,5,Monday,False
2018-01-30,20180130,2018,1,1,January,5,Tuesday,False
2018-01-31,20180131,2018,1,1,January,5,Wednesday,False
2018-02-01,20180201,2018,1,2,February,5,Thursday,False
2018-02-02,20180202,2018,1,2,February,5,Friday,False
2018-02-03,20180203,2018,1,2,February,5,Saturday,True
2018-02-04,20180204,2018,1,2,February,5,Sunday,True
2018-02-05,20180205,2018,1,2,February,6,Monday,False
2018-02-06,20180206,2018,1,2,February,6,Tuesday,False
2018-02-07,20180207,2018,1,2,February,6,Wednesday,False
2018-02-08,20180208,2018,1,2,February,6,Thursday,False
2018-02-09,20180209,2018,1,2,February,6,Friday,False
2018-02-10,20180210,2018,1,2,February,6,Saturday,True
2018-02-11,20180211,2018,1,2,February,6,Sunday,True
2018-02-12,20180212,2018,1,2,February,7,Monday,False
2018-02-13,20180213,2018,1,2,February,7,Tuesday,False
2018-02-14,20180214,2018,1,2,February,7,Wednesday,False
2018-02-15,20180215,2018,1,2,February,7,Thursday,False
2018-02-16,20180216,2018,1,2,February,7,Friday,False
2018-02-17,20180217,2018,1,2,February,7,Saturday,True
2018-02-18,20180218,2018,1,2,February,7,Sunday,True
2018-02-19,20180219,2018,1,2,February,8,Monday,False
2018-02-20,20180220,2018,1,2,February,8,Tuesday,False
2018-02-21,20180221,2018,1,2,February,8,Wednesday,False
2018-02-22,20180222,2018,1,2,February,8,Thursday,False
2018-02-23,20180223,2018,1,2,February,8,Friday,False
2018-02-24,20180224,2018,1,2,February,8,Saturday,True
2018-02-25,20180225,2018,1,2,February,8,Sunday,True
2018-02-26,20180226,2018,1,2,February,9,Monday,False
2018-02-27,20180227,2018,1,2,February,9,Tuesday,False
2018-02-28,20180228,2018,1,2,February,9,Wednesday,False
2018-03-01,20180301,2018,1,3,March,9,Thursday,False
2018-03-02,20180302,2018,1,3,March,9,Friday,False
2018-03-03,20180303,2018,1,3,March,9,Saturday,True
2018-03-04,20180304,2018,1,3,March,9,Sunday,True
2018-03-05,20180305,2018,1,3,March,10,Monday,False
2018-03-06,20180306,2018,1,3,March,10,Tuesday,False
2018-03-07,20180307,2018,1,3,March,10,Wednesday,False
2018-03-08,20180308,2018,1,3,March,10,Thursday,False
2018-03-09,20180309,2018,1,3,March,10,Friday,False
2018-03-10,20180310,2018,1,3,March,10,Saturday,True
2018-03-11,20180311,2018,1,3,March,10,Sunday,True
2018-03-12,20180312,2018,1,3,March,11,Monday,False
2018-03-13,20180313,2018,1,3,March,11,Tuesday,False
2018-03-14,20180314,2018,1,3,March,11,Wednesday,False
2018-03-15,20180315,2018,1,3,March,11,Thursday,False
2018-03-16,20180316,2018,1,3,March,11,Friday,False
2018-03-17,20180317,2018,1,3,March,11,Saturday,True
2018-03-18,20180318,2018,1,3,March,11,Sunday,True
2018-03-19,20180319,2018,1,3,March,12,Monday,False
2018-03-20,20180320,2018,1,3,March,12,Tuesday,False
2018-03-21,20180321,2018,1,3,March,12,Wednesday,False
2018-03-22,20180322,2018,1,3,March,12,Thursday,False
2018-03-23,20180323,2018,1,3,March,12,Friday,False
2018-03-24,20180324,2018,1,3,March,12,Saturday,True
2018-03-25,20180325,2018,1,3,March,12,Sunday,True
2018-03-26,20180326,2018,1,3,March,13,Monday,False
2018-03-27,20180327,2018,1,3,March,13,Tuesday,False
2018-03-28,20180328,2018,1,3,March,13,Wednesday,False
2018-03-29,20180329,2018,1,3,March,13,Thursday,False
2018-03-30,20180330,2018,1,3,March,13,Friday,False
2018-03-31,20180331,2018,1,3,March,13,Saturday,True
2018-04-01,20180401,2018,2,4,April,13,Sunday,True
2018-04-02,20180402,2018,2,4,April,14,Monday,False
2018-04-03,20180403,2018,2,4,April,14,Tuesday,False
2018-04-04,20180404,2018,2,4,April,14,Wednesday,False
2018-04-05,20180405,2018,2,4,April,14,Thursday,False
2018-04-06,20180406,2018,2,4,April,14,Friday,False
2018-04-07,20180407,2018,2,4,April,14,Saturday,True
2018-04-08,20180408,2018,2,4,April,14,Sunday,True
2018-04-09,20180409,2018,2,4,April,15,Monday,False
2018-04-10,20180410,2018,2,4,April,15,Tuesday,False
2018-04-11,20180411,2018,2,4,April,15,Wednesday,False
2018-04-12,20180412,2018,2,4,April,15,Thursday,False
2018-04-13,20180413,2018,2,4,April,15,Friday,False
2018-04-14,20180414,2018,2,4,April,15,Saturday,True
2018-04-15,20180415,2018,2,4,April,15,Sunday,True
2018-04-16,20180416,2018,2,4,April,16,Monday,False
2018-04-17,20180417,2018,2,4,April,16,Tuesday,False
2018-04-18,20180418,2018,2,4,April,16,Wednesday,False
2018-04-19,20180419,2018,2,4,April,16,Thursday,False
2018-04-20,20180420,2018,2,4,April,16,Friday,False
2018-04-21,20180421,2018,2,4,April,16,Saturday,True
2018-04-22,20180422,2018,2,4,April,16,Sunday,True
2018-04-23,20180423,2018,2,4,April,17,Monday,False
2018-04-24,20180424,2018,2,4,April,17,Tuesday,False
2018-04-25,20180425,2018,2,4,April,17,Wednesday,False
2018-04-26,20180426,2018,2,4,April,17,Thursday,False
2018-04-27,20180427,2018,2,4,April,17,Friday,False
2018-04-28,20180428,2018,2,4,April,17,Saturday,True
2018-04-29,20180429,2018,2,4,April,17,Sunday,True
2018-04-30,20180430,2018,2,4,April,18,Monday,False
2018-05-01,20180501,2018,2,5,May,18,Tuesday,False
2018-05-02,20180502,2018,2,5,May,18,Wednesday,False
2018-05-03,20180503,2018,2,5,May,18,Thursday,False
2018-05-04,20180504,2018,2,5,May,18,Friday,False
2018-05-05,20180505,2018,2,5,May,18,Saturday,True
2018-05-06,20180506,2018,2,5,May,18,Sunday,True
2018-05-07,20180507,2018,2,5,May,19,Monday,False
2018-05-08,20180508,2018,2,5,May,19,Tuesday,False
2018-05-09,20180509,2018,2,5,May,19,Wednesday,False
2018-05-10,20180510,2018,2,5,May,19,Thursday,False
2018-05-11,20180511,2018,2,5,May,19,Friday,False
2018-05-12,20180512,2018,2,5,May,19,Saturday,True
2018-05-13,20180513,2018,2,5,May,19,Sunday,True
2018-05-14,20180514,2018,2,5,May,20,Monday,False
2018-05-15,20180515,2018,2,5,May,20,Tuesday,False
2018-05-16,20180516,2018,2,5,May,20,Wednesday,False
2018-05-17,20180517,2018,2,5,May,20,Thursday,False
2018-05-18,20180518,2018,2,5,May,20,Friday,False
2018-05-19,20180519,2018,2,5,May,20,Saturday,True
2018-05-20,20180520,2018,2,5,May,20,Sunday,True
2018-05-21,20180521,2018,2,5,May,21,Monday,False
2018-05-22,20180522,2018,2,5,May,21,Tuesday,False
2018-05-23,20180523,2018,2,5,May,21,Wednesday,False
2018-05-24,20180524,2018,2,5,May,21,Thursday,False
2018-05-25,20180525,2018,2,5,May,21,Friday,False
2018-05-26,20180526,2018,2,5,May,21,Saturday,True
2018-05-27,20180527,2018,2,5,May,21,Sunday,True
2018-05-28,20180528,2018,2,5,May,22,Monday,False
2018-05-29,20180529,2018,2,5,May,22,Tuesday,False
2018-05-30,20180530,2018,2,5,May,22,Wednesday,False
2018-05-31,20180531,2018,2,5,May,22,Thursday,False
2018-06-01,20180601,2018,2,6,June,22,Friday,False
2018-06-02,20180602,2018,2,6,June,22,Saturday,True
2018-06-03,20180603,2018,2,6,June,22,Sunday,True
2018-06-04,20180604,2018,2,6,June,23,Monday,False
2018-06-05,20180605,2018,2,6,June,23,Tuesday,False
2018-06-06,20180606,2018,2,6,June,23,Wednesday,False
2018-06-07,20180607,2018,2,6,June,23,Thursday,False
2018-06-08,20180608,2018,2,6,June,23,Friday,False
2018-06-09,20180609,2018,2,6,June,23,Saturday,True
2018-06-10,20180610,2018,2,6,June,23,Sunday,True
2018-06-11,20180611,2018,2,6,June,24,Monday,False
2018-06-12,20180612,2018,2,6,June,24,Tuesday,False
2018-06-13,20180613,2018,2,6,June,24,Wednesday,False
2018-06-14,20180614,2018,2,6,June,24,Thursday,False
2018-06-15,20180615,2018,2,6,June,24,Friday,False
2018-06-16,20180616,2018,2,6,June,24,Saturday,True
2018-06-17,20180617,2018,2,6,June,24,Sunday,True
2018-06-18,20180618,2018,2,6,June,25,Monday,False
2018-06-19,20180619,2018,2,6,June,25,Tuesday,False
2018-06-20,20180620,2018,2,6,June,25,Wednesday,False
2018-06-21,20180621,2018,2,6,June,25,Thursday,False
2018-06-22,20180622,2018,2,6,June,25,Friday,False
2018-06-23,20180623,2018,2,6,June,25,Saturday,True
2018-06-24,20180624,2018,2,6,June,25,Sunday,True
2018-06-25,20180625,2018,2,6,June,26,Monday,False
2018-06-26,20180626,2018,2,6,June,26,Tuesday,False
2018-06-27,20180627,2018,2,6,June,26,Wednesday,False
2018-06-28,20180628,2018,2,6,June,26,Thursday,False
2018-06-29,20180629,2018,2,6,June,26,Friday,False
2018-06-30,20180630,2018,2,6,June,26,Saturday,True
2018-07-01,20180701,2018,3,7,July,26,Sunday,True
2018-07-02,20180702,2018,3,7,July,27,Monday,False
2018-07-03,20180703,2018,3,7,July,27,Tuesday,False
2018-07-04,20180704,2018,3,7,July,27,Wednesday,False
2018-07-05,20180705,2018,3,7,July,27,Thursday,False
2018-07-06,20180706,2018,3,7,July,27,Friday,False
2018-07-07,20180707,2018,3,7,July,27,Saturday,True
2018-07-08,20180708,2018,3,7,July,27,Sunday,True
2018-07-09,20180709,2018,3,7,July,28,Monday,False
2018-07-10,20180710,2018,3,7,July,28,Tuesday,False
2018-07-11,20180711,2018,3,7,July,28,Wednesday,False
2018-07-12,20180712,2018,3,7,July,28,Thursday,False
2018-07-13,20180713,2018,3,7,July,28,Friday,False
2018-07-14,20180714,2018,3,7,July,28,Saturday,True
2018-07-15,20180715,2018,3,7,July,28,Sunday,True
2018-07-16,20180716,2018,3,7,July,29,Monday,False
2018-07-17,20180717,2018,3,7,July,29,Tuesday,False
2018-07-18,20180718,2018,3,7,July,29,Wednesday,False
2018-07-19,20180719,2018,3,7,July,29,Thursday,False
2018-07-20,20180720,2018,3,7,July,29,Friday,False
2018-07-21,20180721,2018,3,7,July,29,Saturday,True
2018-07-22,20180722,2018,3,7,July,29,Sunday,True
2018-07-23,20180723,2018,3,7,July,30,Monday,False
2018-07-24,20180724,2018,3,7,July,30,Tuesday,False
2018-07-25,20180725,2018,3,7,July,30,Wednesday,False
2018-07-26,20180726,2018,3,7,July,30,Thursday,False
2018-07-27,20180727,2018,3,7,July,30,Friday,False
2018-07-28,20180728,2018,3,7,July,30,Saturday,True
2018-07-29,20180729,2018,3,7,July,30,Sunday,True
2018-07-30,20180730,2018,3,7,July,31,Monday,False
2018-07-31,20180731,2018,3,7,July,31,Tuesday,False
2018-08-01,20180801,2018,3,8,August,31,Wednesday,False
2018-08-02,20180802,2018,3,8,August,31,Thursday,False
2018-08-03,20180803,2018,3,8,August,31,Friday,False
2018-08-04,20180804,2018,3,8,August,31,Saturday,True
2018-08-05,20180805,2018,3,8,August,31,Sunday,True
2018-08-06,20180806,2018,3,8,August,32,Monday,False
2018-08-07,20180807,2018,3,8,August,32,Tuesday,False
2018-08-08,20180808,2018,3,8,August,32,Wednesday,False
2018-08-09,20180809,2018,3,8,August,32,Thursday,False
2018-08-10,20180810,2018,3,8,August,32,Friday,False
2018-08-11,20180811,2018,3,8,August,32,Saturday,True
2018-08-12,20180812,2018,3,8,August,32,Sunday,True
2018-08-13,20180813,2018,3,8,August,33,Monday,False
2018-08-14,20180814,2018,3,8,August,33,Tuesday,False
2018-08-15,20180815,2018,3,8,August,33,Wednesday,False
2018-08-16,20180816,2018,3,8,August,33,Thursday,False
2018-08-17,20180817,2018,3,8,August,33,Friday,False
2018-08-18,20180818,2018,3,8,August,33,Saturday,True
2018-08-19,20180819,2018,3,8,August,33,Sunday,True
2018-08-20,20180820,2018,3,8,August,34,Monday,False
2018-08-21,20180821,2018,3,8,August,34,Tuesday,False
2018-08-22,20180822,2018,3,8,August,34,Wednesday,False
2018-08-23,20180823,2018,3,8,August,34,Thursday,False
2018-08-24,20180824,2018,3,8,August,34,Friday,False
2018-08-25,20180825,2018,3,8,August,34,Saturday,True
2018-08-26,20180826,2018,3,8,August,34,Sunday,True
2018-08-27,20180827,2018,3,8,August,35,Monday,False
2018-08-28,20180828,2018,3,8,August,35,Tuesday,False
2018-08-29,20180829,2018,3,8,August,35,Wednesday,False
2018-08-30,20180830,2018,3,8,August,35,Thursday,False
2018-08-31,20180831,2018,3,8,August,35,Friday,False
2018-09-01,20180901,2018,3,9,September,35,Saturday,True
2018-09-02,20180902,2018,3,9,September,35,Sunday,True
2018-09-03,20180903,2018,3,9,September,36,Monday,False
2018-09-04,20180904,2018,3,9,September,36,Tuesday,False
2018-09-05,20180905,2018,3,9,September,36,Wednesday,False
2018-09-06,20180906,2018,3,9,September,36,Thursday,False
2018-09-07,20180907,2018,3,9,September,36,Friday,False
2018-09-08,20180908,2018,3,9,September,36,Saturday,True
2018-09-09,20180909,2018,3,9,September,36,Sunday,True
2018-09-10,20180910,2018,3,9,September,37,Monday,False
2018-09-11,20180911,2018,3,9,September,37,Tuesday,False
2018-09-12,20180912,2018,3,9,September,37,Wednesday,False
2018-09-13,20180913,2018,3,9,September,37,Thursday,False
2018-09-14,20180914,2018,3,9,September,37,Friday,False
2018-09-15,20180915,2018,3,9,September,37,Saturday,True
2018-09-16,20180916,2018,3,9,September,37,Sunday,True
2018-09-17,20180917,2018,3,9,September,38,Monday,False
2018-09-18,20180918,2018,3,9,September,38,Tuesday,False
2018-09-19,20180919,2018,3,9,September,38,Wednesday,False
2018-09-20,20180920,2018,3,9,September,38,Thursday,False
2018-09-21,20180921,2018,3,9,September,38,Friday,False
2018-09-22,20180922,2018,3,9,September,38,Saturday,True
2018-09-23,20180923,2018,3,9,September,38,Sunday,True
2018-09-24,20180924,2018,3,9,September,39,Monday,False
2018-09-25,20180925,2018,3,9,September,39,Tuesday,False
2018-09-26,20180926,2018,3,9,September,39,Wednesday,False
2018-09-27,20180927,2018,3,9,September,39,Thursday,False
2018-09-28,20180928,2018,3,9,September,39,Friday,False
2018-09-29,20180929,2018,3,9,September,39,Saturday,True
2018-09-30,20180930,2018,3,9,September,39,Sunday,True
2018-10-01,20181001,2018,4,10,October,40,Monday,False
2018-10-02,20181002,2018,4,10,October,40,Tuesday,False
2018-10-03,20181003,2018,4,10,October,40,Wednesday,False
2018-10-04,20181004,2018,4,10,October,40,Thursday,False
2018-10-05,20181005,2018,4,10,October,40,Friday,False
2018-10-06,20181006,2018,4,10,October,40,Saturday,True
2018-10-07,20181007,2018,4,10,October,40,Sunday,True
2018-10-08,20181008,2018,4,10,October,41,Monday,False
2018-10-09,20181009,2018,4,10,October,41,Tuesday,False
2018-10-10,20181010,2018,4,10,October,41,Wednesday,False
2018-10-11,20181011,2018,4,10,October,41,Thursday,False
2018-10-12,20181012,2018,4,10,October,41,Friday,False
2018-10-13,20181013,2018,4,10,October,41,Saturday,True
2018-10-14,20181014,2018,4,10,October,41,Sunday,True
2018-10-15,20181015,2018,4,10,October,42,Monday,False
2018-10-16,20181016,2018,4,10,October,42,Tuesday,False
2018-10-17,20181017,2018,4,10,October,42,Wednesday,False
