order_date,year,month_name,day_of_week,order_count,daily_revenue,avg_order_value,rolling_30d_revenue,rolling_7d_revenue,cumulative_revenue,dod_change_pct
2016-09-15,2016,September,Thursday,1,,,,,,
2016-10-03,2016,October,Monday,7,559.53,79.93,559.53,559.53,559.53,
2016-10-04,2016,October,Tuesday,54,9821.42,181.88,10380.95,10380.95,10380.95,1655.3
2016-10-05,2016,October,Wednesday,35,7209.5,205.99,17590.45,17590.45,17590.45,-26.59
2016-10-06,2016,October,Thursday,41,6733.52,164.23,24323.97,24323.97,24323.97,-6.6
2016-10-07,2016,October,Friday,38,6832.76,179.81,31156.73,31156.73,31156.73,1.47
2016-10-08,2016,October,Saturday,36,8475.93,235.44,39632.66,39632.66,39632.66,24.05
2016-10-09,2016,October,Sunday,20,3037.32,151.87,42669.98,42669.98,42669.98,-64.17
2016-10-10,2016,October,Monday,34,3896.73,114.61,46566.71,46007.18,46566.71,28.3
2016-12-23,2016,December,Friday,1,19.62,19.62,46586.33,36205.38,46586.33,-99.5
2017-01-05,2017,January,Thursday,32,707.27,22.1,47293.6,29703.15,47293.6,3504.84
2017-01-06,2017,January,Friday,4,988.28,247.07,48281.88,23957.91,48281.88,39.73
2017-01-07,2017,January,Saturday,4,1447.99,362.0,49729.87,18573.14,49729.87,46.52
2017-01-08,2017,January,Sunday,4,507.85,126.96,50237.72,10605.06,50237.72,-64.93
2017-01-09,2017,January,Monday,5,774.51,154.9,51012.23,8342.25,51012.23,52.51
2017-01-10,2017,January,Tuesday,6,1571.17,261.86,52583.4,6016.69,52583.4,102.86
2017-01-11,2017,January,Wednesday,10,2098.78,209.88,54682.18,8095.85,54682.18,33.58
2017-01-12,2017,January,Thursday,12,1720.35,143.36,56402.53,9108.93,56402.53,-18.03
2017-01-13,2017,January,Friday,10,2712.86,271.29,59115.39,10833.51,59115.39,57.69
2017-01-14,2017,January,Saturday,16,1161.08,72.57,60276.47,10546.6,60276.47,-57.2
2017-01-15,2017,January,Sunday,14,2551.34,182.24,62827.81,12590.09,62827.81,119.74
2017-01-16,2017,January,Monday,18,3668.38,203.8,66496.19,15483.96,66496.19,43.78
2017-01-17,2017,January,Tuesday,32,3893.61,121.68,70389.8,17806.4,70389.8,6.14
2017-01-18,2017,January,Wednesday,30,3811.68,127.06,74201.48,19519.3,74201.48,-2.1
2017-01-19,2017,January,Thursday,29,4140.16,142.76,78341.64,21939.11,78341.64,8.62
2017-01-20,2017,January,Friday,28,4656.05,166.29,82997.69,23882.3,82997.69,12.46
2017-01-21,2017,January,Saturday,22,2897.86,131.72,85895.55,25619.08,85895.55,-37.76
2017-01-22,2017,January,Sunday,30,4141.87,138.06,90037.42,27209.61,90037.42,42.93
2017-01-23,2017,January,Monday,36,7221.59,200.6,97259.01,30762.82,97259.01,74.36
2017-01-24,2017,January,Tuesday,38,5954.18,156.69,103213.19,32823.39,103213.19,-17.55
2017-01-25,2017,January,Wednesday,57,8196.05,143.79,111409.24,37207.76,111409.24,37.65
2017-01-26,2017,January,Thursday,82,14824.8,180.79,125674.51,47892.4,126234.04,80.88
2017-01-27,2017,January,Friday,59,12458.14,211.15,128311.23,55694.49,138692.18,-15.96
2017-01-28,2017,January,Saturday,28,5736.98,204.89,126838.71,58533.61,144429.16,-53.95
2017-01-29,2017,January,Sunday,32,6593.76,206.05,126698.95,60985.5,151022.92,14.93
2017-01-30,2017,January,Monday,48,11290.93,235.23,131157.12,65054.84,162313.85,71.24
2017-01-31,2017,January,Tuesday,64,11818.15,184.66,134499.34,70918.81,174132.0,4.67
2017-02-01,2017,February,Wednesday,61,8788.7,144.08,140250.72,71511.46,182920.7,-25.63
2017-02-02,2017,February,Thursday,67,10342.54,154.37,146696.53,67029.2,193263.24,17.68
2017-02-03,2017,February,Friday,54,10797.07,199.95,157473.98,65368.13,204060.31,4.39
2017-02-04,2017,February,Saturday,64,15320.15,239.38,172086.86,74951.3,219380.46,41.89
2017-02-05,2017,February,Sunday,74,10035.21,135.61,181133.79,78392.75,229415.67,-34.5
2017-02-06,2017,February,Monday,78,10893.73,139.66,190579.53,77995.55,240309.4,8.56
2017-02-07,2017,February,Tuesday,108,16020.23,148.34,206091.91,82197.63,256329.63,47.06
2017-02-08,2017,February,Wednesday,83,13517.96,162.87,218835.36,86926.89,269847.59,-15.62
2017-02-09,2017,February,Thursday,73,10568.42,144.77,227832.61,87152.77,280416.01,-21.82
2017-02-10,2017,February,Friday,63,14492.58,230.04,240226.41,90848.28,294908.59,37.13
2017-02-11,2017,February,Saturday,45,5233.15,116.29,243739.21,80761.28,300141.74,-63.89
2017-02-12,2017,February,Sunday,61,16389.82,268.69,257416.17,87115.89,316531.56,213.19
2017-02-13,2017,February,Monday,74,12174.71,164.52,268429.8,88396.87,328706.27,-25.72
2017-02-14,2017,February,Tuesday,66,12363.65,187.33,278242.11,84740.29,341069.92,1.55
2017-02-15,2017,February,Wednesday,56,7734.14,138.11,282307.87,78956.47,348804.06,-37.44
2017-02-16,2017,February,Thursday,49,6842.42,139.64,285256.68,75230.47,355646.48,-11.53
2017-02-17,2017,February,Friday,45,8059.2,179.09,289504.2,68797.09,363705.68,17.78
2017-02-18,2017,February,Saturday,52,8456.59,162.63,293820.63,72020.53,372162.27,4.93
2017-02-19,2017,February,Sunday,37,4195.81,113.4,293360.39,59826.52,376358.08,-50.38
2017-02-20,2017,February,Monday,59,8318.07,140.98,298780.6,55969.88,384676.15,98.25
2017-02-21,2017,February,Tuesday,39,8982.23,230.31,303620.96,52588.46,393658.38,7.98
2017-02-22,2017,February,Wednesday,53,7024.96,132.55,303424.33,51879.28,400683.34,-21.79
2017-02-23,2017,February,Thursday,57,7792.79,136.72,305262.94,52829.65,408476.13,10.93
2017-02-24,2017,February,Friday,60,7779.2,129.65,304846.09,52549.65,416255.33,-0.17
2017-02-25,2017,February,Saturday,39,4347.75,111.48,294369.04,48440.81,420603.08,-44.11
2017-02-26,2017,February,Sunday,42,6101.02,145.26,288011.92,50346.02,426704.1,40.33
2017-02-27,2017,February,Monday,41,6727.34,164.08,289002.28,48755.29,433431.44,10.27
2017-02-28,2017,February,Tuesday,53,11999.21,226.4,294407.73,51772.27,445430.65,78.36
2017-03-01,2017,March,Wednesday,93,14190.98,152.59,297307.78,58938.29,459621.63,18.27
2017-03-02,2017,March,Thursday,66,12575.46,190.54,298065.09,63720.96,472197.09,-11.38
2017-03-03,2017,March,Friday,72,13919.14,193.32,303195.53,69860.9,486116.23,10.68
2017-03-04,2017,March,Saturday,69,10024.79,145.29,302877.78,75537.94,496141.02,-27.98
2017-03-05,2017,March,Sunday,67,8092.32,120.78,300173.03,77529.24,504233.34,-19.28
2017-03-06,2017,March,Monday,94,10605.15,112.82,295458.03,81407.05,514838.49,31.05
2017-03-07,2017,March,Tuesday,78,13190.06,169.1,298612.88,82597.9,528028.55,24.37
2017-03-08,2017,March,Wednesday,73,14778.27,202.44,302497.42,83185.19,542806.82,12.04
2017-03-09,2017,March,Thursday,88,13001.78,147.75,299478.97,83611.51,555808.6,-12.02
2017-03-10,2017,March,Friday,84,14005.74,166.74,299966.75,83698.11,569814.34,7.72
2017-03-11,2017,March,Saturday,68,12108.32,178.06,301506.65,85781.64,581922.66,-13.55
2017-03-12,2017,March,Sunday,63,7711.89,122.41,294725.96,85401.21,589634.55,-36.31
2017-03-13,2017,March,Monday,104,18563.44,178.49,308056.25,93359.5,608197.99,140.71
2017-03-14,2017,March,Tuesday,95,16171.19,170.22,307837.62,96340.63,624369.18,-12.89
2017-03-15,2017,March,Wednesday,101,16477.95,163.15,312140.86,98040.31,640847.13,1.9
2017-03-16,2017,March,Thursday,100,16467.91,164.68,316245.12,101506.44,657315.04,-0.06
2017-03-17,2017,March,Friday,64,13522.03,211.28,322033.01,101022.73,670837.07,-17.89
2017-03-18,2017,March,Saturday,71,17593.33,247.79,332783.92,106507.74,688430.4,30.11
2017-03-19,2017,March,Sunday,56,7728.08,138.0,332452.8,106523.93,696158.48,-56.07
2017-03-20,2017,March,Monday,113,19327.85,171.04,343324.06,107288.34,715486.33,150.1
2017-03-21,2017,March,Tuesday,92,13166.64,143.12,352294.89,104283.79,728652.97,-31.88
2017-03-22,2017,March,Wednesday,104,16338.04,157.1,360314.86,104143.88,744991.01,24.09
2017-03-23,2017,March,Thursday,105,18402.83,175.27,369735.46,106078.8,763393.84,12.64
2017-03-24,2017,March,Friday,75,11554.39,154.06,374264.89,104111.16,774948.23,-37.21
2017-03-25,2017,March,Saturday,72,10896.76,151.34,377368.86,97414.59,785844.99,-5.69
2017-03-26,2017,March,Sunday,63,7356.91,116.78,376946.57,97043.42,793201.9,-32.49
2017-03-27,2017,March,Monday,107,18517.1,173.06,391115.92,96232.67,811719.0,151.7
2017-03-28,2017,March,Tuesday,96,13533.91,140.98,398548.81,96599.94,825252.91,-26.91
2017-03-29,2017,March,Wednesday,72,9662.03,134.19,401483.5,89923.93,834914.94,-28.61
2017-03-30,2017,March,Thursday,72,11172.34,155.17,400656.63,82693.44,846087.28,15.63
2017-03-31,2017,March,Friday,69,13712.76,198.74,400178.41,84851.81,859800.04,22.74
2017-04-01,2017,April,Saturday,66,18862.37,285.79,406465.32,92817.42,878662.41,37.55
2017-04-02,2017,April,Sunday,64,10452.22,163.32,402998.4,95912.73,889114.63,-44.59
2017-04-03,2017,April,Monday,68,10300.27,151.47,403273.88,87695.9,899414.9,-1.45
2017-04-04,2017,April,Tuesday,96,14152.99,147.43,409334.55,88314.98,913567.89,37.4
2017-04-05,2017,April,Wednesday,93,20080.09,215.91,418809.49,98733.04,933647.98,41.88
2017-04-06,2017,April,Thursday,92,20966.29,227.89,426585.72,108526.99,954614.27,4.41
2017-04-07,2017,April,Friday,82,14605.91,178.12,426413.36,109420.14,969220.18,-30.34
2017-04-08,2017,April,Saturday,64,9688.06,151.38,423099.64,100245.83,978908.24,-33.67
2017-04-09,2017,April,Sunday,68,9077.65,133.49,418171.55,98871.26,987985.89,-6.3
2017-04-10,2017,April,Monday,84,13049.66,155.35,419112.89,101620.65,1001035.55,43.76
2017-04-11,2017,April,Tuesday,73,8420.13,115.34,419821.13,95887.79,1009455.68,-35.48
2017-04-12,2017,April,Wednesday,61,8925.15,146.31,410182.84,84732.85,1018380.83,6.0
2017-04-13,2017,April,Thursday,60,11216.11,186.94,405227.76,74982.67,1029596.94,25.67
2017-04-14,2017,April,Friday,47,7950.88,169.17,396700.69,68327.64,1037547.82,-29.11
2017-04-15,2017,April,Saturday,49,9225.82,188.28,389458.6,67865.4,1046773.64,16.04
2017-04-16,2017,April,Sunday,47,6063.82,129.02,382000.39,64851.57,1052837.46,-34.27
2017-04-17,2017,April,Monday,58,8628.01,148.76,373035.07,60429.92,1061465.47,42.29
2017-04-18,2017,April,Tuesday,71,23433.86,330.05,388740.85,75443.65,1084899.33,171.6
2017-04-19,2017,April,Wednesday,93,13527.61,145.46,382940.61,80046.11,1098426.94,-42.27
2017-04-20,2017,April,Thursday,91,14461.9,158.92,384235.87,83291.9,1112888.84,6.91
2017-04-21,2017,April,Friday,66,10101.02,153.05,377998.85,85442.04,1122989.86,-30.15
2017-04-22,2017,April,Saturday,82,14760.97,180.01,374356.99,90977.19,1137750.83,46.13
2017-04-23,2017,April,Sunday,84,11506.54,136.98,374309.14,96419.91,1149257.37,-22.05
2017-04-24,2017,April,Monday,110,15435.59,140.32,378847.97,103227.49,1164692.96,34.15
2017-04-25,2017,April,Tuesday,106,16145.47,152.32,387636.53,95939.1,1180838.43,4.6
2017-04-26,2017,April,Wednesday,122,18037.64,147.85,387157.07,100449.13,1198876.07,11.72
2017-04-27,2017,April,Thursday,75,11475.53,153.01,385098.69,97462.76,1210351.6,-36.38
2017-04-28,2017,April,Friday,95,17803.15,187.4,393239.81,105164.89,1228154.75,55.14
2017-04-29,2017,April,Saturday,70,13307.91,190.11,395375.38,103711.83,1241462.66,-25.25
2017-04-30,2017,April,Sunday,66,9289.56,140.75,390952.18,101494.85,1250752.22,-30.2
2017-05-01,2017,May,Monday,111,13923.19,125.43,386013.0,99982.45,1264675.41,49.88
2017-05-02,2017,May,Tuesday,122,19905.71,163.16,395466.49,103742.69,1284581.12,42.97
2017-05-03,2017,May,Wednesday,101,12124.87,120.05,397291.09,97829.92,1296705.99,-39.09
2017-05-04,2017,May,Thursday,107,15778.17,147.46,398916.27,102132.56,1312484.16,30.13
2017-05-05,2017,May,Friday,104,15920.31,153.08,394756.49,100249.72,1328404.47,0.9
2017-05-06,2017,May,Saturday,103,16618.04,161.34,390408.24,103559.85,1345022.51,4.38
2017-05-07,2017,May,Sunday,102,18674.86,183.09,394477.19,112945.15,1363697.37,12.38
2017-05-08,2017,May,Monday,120,18708.37,155.9,403497.5,117730.33,1382405.74,0.18
2017-05-09,2017,May,Tuesday,120,23492.4,195.77,417912.25,121317.02,1405898.14,25.57
2017-05-10,2017,May,Wednesday,109,22648.56,207.78,427511.15,131840.71,1428546.7,-3.59
2017-05-11,2017,May,Thursday,124,21063.52,169.87,440154.54,137126.06,1449610.22,-7.0
2017-05-12,2017,May,Friday,105,13918.65,132.56,445148.04,135124.4,1463528.87,-33.92
2017-05-13,2017,May,Saturday,67,9781.86,146.0,443713.79,128288.22,1473310.73,-29.72
2017-05-14,2017,May,Sunday,108,16520.56,152.97,452283.47,126133.92,1489831.29,68.89
2017-05-15,2017,May,Monday,149,21065.32,141.38,464122.97,128490.87,1510896.61,27.51
2017-05-16,2017,May,Tuesday,149,24213.16,162.5,482272.31,129211.63,1535109.77,14.94
2017-05-17,2017,May,Wednesday,139,21127.09,151.99,494771.39,127690.16,1556236.86,-12.75
2017-05-18,2017,May,Thursday,124,20806.7,167.8,492144.23,127433.34,1577043.56,-1.52
2017-05-19,2017,May,Friday,140,20483.89,146.31,499100.51,133998.58,1597527.45,-1.55
2017-05-20,2017,May,Saturday,70,12239.93,174.86,496878.54,136456.65,1609767.38,-40.25
2017-05-21,2017,May,Sunday,145,20063.3,138.37,506840.82,139999.39,1629830.68,63.92
2017-05-22,2017,May,Monday,145,27312.02,188.36,519391.87,146246.09,1657142.7,36.13
2017-05-23,2017,May,Tuesday,120,19919.26,165.99,527804.59,141952.19,1677061.96,-27.07
2017-05-24,2017,May,Wednesday,140,26552.81,189.66,538921.81,147377.91,1703614.77,33.3
2017-05-25,2017,May,Thursday,103,17383.91,168.78,540160.25,143955.12,1720998.68,-34.53
2017-05-26,2017,May,Friday,77,12246.38,159.04,534368.99,135717.61,1733245.06,-29.55
2017-05-27,2017,May,Saturday,77,15158.26,196.86,538051.72,138635.94,1748403.32,23.78
2017-05-28,2017,May,Sunday,98,11120.71,113.48,531369.28,129693.35,1759524.03,-26.64
2017-05-29,2017,May,Monday,151,20620.45,136.56,538681.82,123001.78,1780144.48,85.42
2017-05-30,2017,May,Tuesday,98,15732.56,160.54,545124.82,118815.08,1795877.04,-23.7
2017-05-31,2017,May,Wednesday,118,21941.91,185.95,553143.54,114204.18,1817818.95,39.47
2017-06-01,2017,June,Thursday,123,21749.38,176.82,554987.21,118569.65,1839568.33,-0.88
2017-06-02,2017,June,Friday,123,21013.76,170.84,563876.1,127337.03,1860582.09,-3.38
2017-06-03,2017,June,Saturday,88,12232.84,139.01,560330.77,124411.61,1872814.93,-41.79
2017-06-04,2017,June,Sunday,99,15701.85,158.6,560112.31,128992.75,1888516.78,28.36
2017-06-05,2017,June,Monday,142,25970.01,182.89,569464.28,134342.31,1914486.79,65.39
2017-06-06,2017,June,Tuesday,128,16125.71,125.98,566915.13,134735.46,1930612.5,-37.91
2017-06-07,2017,June,Wednesday,122,15102.21,123.79,563308.97,127895.76,1945714.71,-6.35
2017-06-08,2017,June,Thursday,134,21919.44,163.58,561736.01,128065.82,1967634.15,45.14
2017-06-09,2017,June,Friday,105,18447.99,175.7,557535.44,125500.05,1986082.14,-15.84
2017-06-10,2017,June,Saturday,72,9467.0,131.49,545938.92,122734.21,1995549.14,-48.68
2017-06-11,2017,June,Sunday,111,16397.4,147.72,548417.67,123429.76,2011946.54,73.21
2017-06-12,2017,June,Monday,121,16726.27,138.23,555362.08,114186.02,2028672.81,2.01
2017-06-13,2017,June,Tuesday,121,16307.27,134.77,555148.79,114367.58,2044980.08,-2.51
2017-06-14,2017,June,Wednesday,128,23217.67,181.39,557301.14,122483.04,2068197.75,42.38
2017-06-15,2017,June,Thursday,103,14140.56,137.29,547228.54,114704.16,2082338.31,-39.1
2017-06-16,2017,June,Friday,94,14547.83,154.76,540649.28,110804.0,2096886.14,2.88
2017-06-17,2017,June,Saturday,72,12474.05,173.25,532316.63,113811.05,2109360.19,-14.25
2017-06-18,2017,June,Sunday,87,17556.37,201.8,529389.11,114970.02,2126916.56,40.74
2017-06-19,2017,June,Monday,152,25319.01,166.57,542468.19,123562.76,2152235.57,44.22
2017-06-20,2017,June,Tuesday,90,13653.9,151.71,536058.79,120909.39,2165889.47,-46.07
2017-06-21,2017,June,Wednesday,34,7199.7,211.76,515946.47,104891.42,2173089.17,-47.27
2017-06-22,2017,June,Thursday,83,10159.55,122.4,506186.76,100910.41,2183248.72,41.11
2017-06-23,2017,June,Friday,103,15044.51,146.06,494678.46,101407.09,2198293.23,48.08
2017-06-24,2017,June,Saturday,74,9781.5,132.18,487076.05,98714.54,2208074.73,-34.98
2017-06-25,2017,June,Sunday,99,19861.19,200.62,494690.86,101019.36,2227935.92,103.05
2017-06-26,2017,June,Monday,67,14631.39,218.38,494163.99,90331.74,2242567.31,-26.33
2017-06-27,2017,June,Tuesday,140,19609.72,140.07,502653.0,96287.56,2262177.03,34.02
2017-06-28,2017,June,Wednesday,117,16840.29,143.93,498872.84,105928.15,2279017.32,-14.12
2017-06-29,2017,June,Thursday,110,14276.78,129.79,497417.06,110045.38,2293294.1,-15.22
2017-06-30,2017,June,Friday,93,14750.45,158.61,490225.6,109751.32,2308044.55,3.32
2017-07-01,2017,July,Saturday,77,13357.44,173.47,481833.66,113327.26,2321401.99,-9.44
2017-07-02,2017,July,Sunday,102,13372.33,131.1,474192.23,106838.4,2334774.32,0.11
2017-07-03,2017,July,Monday,111,17715.56,159.6,479674.95,109922.57,2352489.88,32.48
2017-07-04,2017,July,Tuesday,120,17626.42,146.89,481599.52,107939.27,2370116.3,-0.5
2017-07-05,2017,July,Wednesday,138,23844.87,172.79,479474.38,114943.85,2393961.17,35.28
2017-07-06,2017,July,Thursday,140,24168.19,172.63,487516.86,124835.26,2418129.36,1.36
2017-07-07,2017,July,Friday,114,15647.8,137.26,488062.45,125732.61,2433777.16,-35.25
2017-07-08,2017,July,Saturday,83,11897.07,143.34,478040.08,124272.24,2445674.23,-23.97
2017-07-09,2017,July,Sunday,88,9915.73,112.68,469507.82,120815.64,2455589.96,-16.65
2017-07-10,2017,July,Monday,140,20397.34,145.7,480438.16,123497.42,2475987.3,105.71
2017-07-11,2017,July,Tuesday,158,22602.06,143.05,486642.82,128473.06,2498589.36,10.81
2017-07-12,2017,July,Wednesday,145,21775.74,150.18,491692.29,126403.93,2520365.1,-3.66
2017-07-13,2017,July,Thursday,131,17675.37,134.93,493060.39,119911.11,2538040.47,-18.83
2017-07-14,2017,July,Friday,148,21665.78,146.39,491508.5,125929.09,2559706.25,22.58
2017-07-15,2017,July,Saturday,97,13070.37,134.75,490438.31,127102.39,2572776.62,-39.67
2017-07-16,2017,July,Sunday,107,15084.95,140.98,490975.43,132271.61,2587861.57,15.41
2017-07-17,2017,July,Monday,162,25134.75,155.15,503636.13,137009.02,2612996.32,66.62
2017-07-18,2017,July,Tuesday,188,31860.71,169.47,517940.47,146267.67,2644857.03,26.76
2017-07-19,2017,July,Wednesday,148,19302.12,130.42,511923.58,143794.05,2664159.15,-39.42
2017-07-20,2017,July,Thursday,139,21031.58,151.31,519301.26,147150.26,2685190.73,8.96
2017-07-21,2017,July,Friday,112,14917.53,133.19,527019.09,140402.01,2700108.26,-29.07
2017-07-22,2017,July,Saturday,87,13279.2,152.63,530138.74,140610.84,2713387.46,-10.98
2017-07-23,2017,July,Sunday,101,13682.85,135.47,528777.08,139208.74,2727070.31,3.04
2017-07-24,2017,July,Monday,157,21300.63,135.67,540296.21,135374.62,2748370.94,55.67
2017-07-25,2017,July,Tuesday,145,19767.31,136.33,540202.33,123281.22,2768138.25,-7.2
2017-07-26,2017,July,Wednesday,117,13352.49,114.12,538923.43,117331.59,2781490.74,-32.45
2017-07-27,2017,July,Thursday,121,18440.82,152.4,537754.53,114740.83,2799931.56,38.11
2017-07-28,2017,July,Friday,130,22607.76,173.91,543522.0,122431.06,2822539.32,22.6
2017-07-29,2017,July,Saturday,109,17426.58,159.88,546671.8,126578.44,2839965.9,-22.92
2017-07-30,2017,July,Sunday,114,14388.61,126.22,546309.96,127284.2,2854354.51,-17.43
2017-07-31,2017,July,Monday,143,20093.97,140.52,553046.49,126077.54,2874448.48,39.65
2017-08-01,2017,August,Tuesday,161,24811.88,154.11,564486.04,131122.11,2899260.36,23.48
2017-08-02,2017,August,Wednesday,149,20673.81,138.75,567444.29,138443.43,2919934.17,-16.68
2017-08-03,2017,August,Thursday,144,21257.46,147.62,571075.33,141260.07,2941191.63,2.82
2017-08-04,2017,August,Friday,139,21112.7,151.89,568343.16,139765.01,2962304.33,-0.68
2017-08-05,2017,August,Saturday,113,14282.71,126.4,558457.68,136621.14,2976587.04,-32.35
2017-08-06,2017,August,Sunday,105,15305.72,145.77,558115.6,137538.25,2991892.76,7.16
2017-08-07,2017,August,Monday,157,26629.34,169.61,572847.87,144073.62,3018522.1,73.98
2017-08-08,2017,August,Tuesday,146,21541.13,147.54,584473.27,140802.87,3040063.23,-19.11
2017-08-09,2017,August,Wednesday,140,23298.08,166.41,587374.01,143427.14,3063361.31,8.16
2017-08-10,2017,August,Thursday,154,23196.09,150.62,587968.04,145365.77,3086557.4,-0.44
2017-08-11,2017,August,Friday,133,22067.71,165.92,588260.01,146320.78,3108625.11,-4.86
2017-08-12,2017,August,Saturday,91,14433.45,158.61,585018.09,146471.52,3123058.56,-34.59
2017-08-13,2017,August,Sunday,90,14373.59,159.71,577725.9,145539.39,3137432.15,-0.41
2017-08-14,2017,August,Monday,153,21245.89,138.86,585901.42,140155.94,3158678.04,47.81
2017-08-15,2017,August,Tuesday,186,26883.56,144.54,597700.03,145498.37,3185561.6,26.54
2017-08-16,2017,August,Wednesday,166,24367.86,146.79,596933.14,146568.15,3209929.46,-9.36
2017-08-17,2017,August,Thursday,153,21116.33,138.02,586188.76,144488.39,3231045.79,-13.34
2017-08-18,2017,August,Friday,141,19514.79,138.4,586401.43,141935.47,3250560.58,-7.58
2017-08-19,2017,August,Saturday,106,15031.02,141.8,580400.87,142533.04,3265591.6,-22.98
2017-08-20,2017,August,Sunday,103,14955.17,145.2,580438.51,143114.62,3280546.77,-0.5
2017-08-21,2017,August,Monday,172,25168.01,146.33,592327.32,147036.74,3305714.78,68.29
2017-08-22,2017,August,Tuesday,135,19680.58,145.78,598325.05,139833.76,3325395.36,-21.8
2017-08-23,2017,August,Wednesday,111,18593.79,167.51,595618.21,134059.69,3343989.15,-5.52
2017-08-24,2017,August,Thursday,123,15814.19,128.57,591665.09,128757.55,3359803.34,-14.95
2017-08-25,2017,August,Friday,117,16589.62,141.79,594902.22,125832.38,3376392.96,4.9
2017-08-26,2017,August,Saturday,89,11658.23,130.99,588119.63,122459.59,3388051.19,-29.73
2017-08-27,2017,August,Sunday,115,15414.3,134.04,580926.17,122918.72,3403465.49,32.22
2017-08-28,2017,August,Monday,150,24637.72,164.25,588137.31,122388.43,3428103.21,59.84
2017-08-29,2017,August,Tuesday,135,36458.7,270.06,610207.4,139166.55,3464561.91,47.98
2017-08-30,2017,August,Wednesday,173,33063.14,191.12,623176.57,153635.9,3497625.05,-9.31
2017-08-31,2017,August,Thursday,143,22824.04,159.61,621188.73,160645.75,3520449.09,-30.97
2017-09-01,2017,September,Friday,153,31797.13,207.82,632312.05,175853.26,3552246.22,39.31
2017-09-02,2017,September,Saturday,102,20215.96,198.2,631270.55,184410.99,3572462.18,-36.42
2017-09-03,2017,September,Sunday,123,30749.17,249.99,640907.02,199745.86,3603211.35,52.1
2017-09-04,2017,September,Monday,147,28186.68,191.75,654810.99,203294.82,3631398.03,-8.33
2017-09-05,2017,September,Tuesday,151,24058.05,159.32,663563.32,190894.17,3655456.08,-14.65
2017-09-06,2017,September,Wednesday,138,28254.37,204.74,665188.35,186085.4,3683710.45,17.44
2017-09-07,2017,September,Thursday,97,19096.76,196.87,662743.98,182358.12,3702807.21,-32.41
2017-09-08,2017,September,Friday,111,14069.01,126.75,653514.91,164630.0,3716876.22,-26.33
2017-09-09,2017,September,Saturday,103,17086.05,165.88,647404.87,161500.09,3733962.27,21.44
2017-09-10,2017,September,Sunday,132,20041.51,151.83,645378.67,150792.43,3754003.78,17.3
2017-09-11,2017,September,Monday,176,26817.75,152.37,657762.97,149423.5,3780821.53,33.81
2017-09-12,2017,September,Tuesday,200,31485.63,157.43,674875.01,156851.08,3812307.16,17.41
2017-09-13,2017,September,Wednesday,203,31513.56,155.24,685142.68,160110.27,3843820.72,0.09
2017-09-14,2017,September,Thursday,163,26057.64,159.86,684316.76,167071.15,3869878.36,-17.31
2017-09-15,2017,September,Friday,144,21050.7,146.19,680999.6,174052.84,3890929.06,-19.21
2017-09-16,2017,September,Saturday,125,21758.71,174.07,681641.98,178725.5,3912687.77,3.36
2017-09-17,2017,September,Sunday,125,22826.04,182.61,684953.23,181510.03,3935513.81,4.91
2017-09-18,2017,September,Monday,179,31137.99,173.96,701060.2,185830.27,3966651.8,36.41
2017-09-19,2017,September,Tuesday,149,22906.86,153.74,709011.89,177251.5,3989558.66,-26.43
2017-09-20,2017,September,Wednesday,158,25726.43,162.83,709570.31,171464.37,4015285.09,12.31
2017-09-21,2017,September,Thursday,144,21483.11,149.19,711372.84,166889.84,4036768.2,-16.49
2017-09-22,2017,September,Friday,133,18108.13,136.15,710887.18,163947.27,4054876.33,-15.71
2017-09-23,2017,September,Saturday,81,11530.58,142.35,706603.57,153719.14,4066406.91,-36.32
2017-09-24,2017,September,Sunday,112,15371.22,137.24,705385.17,146264.32,4081778.13,33.31
2017-09-25,2017,September,Monday,129,20365.15,157.87,714092.09,135491.48,4102143.28,32.49
2017-09-26,2017,September,Tuesday,174,24567.7,141.19,723245.49,137152.32,4126710.98,20.64
2017-09-27,2017,September,Wednesday,144,24083.23,167.24,722691.0,135509.12,4150794.21,-1.97
2017-09-28,2017,September,Thursday,140,26042.47,186.02,712274.77,140068.48,4176836.68,8.14
2017-09-29,2017,September,Friday,109,31075.78,285.1,710287.41,153036.13,4207912.46,19.33
2017-09-30,2017,September,Saturday,105,13706.62,130.54,701169.99,155212.17,4221619.08,-55.89
2017-10-01,2017,October,Sunday,124,21048.67,169.75,690421.53,160889.62,4242667.75,53.57
2017-10-02,2017,October,Monday,140,24937.45,178.12,695143.02,165461.92,4267605.2,18.48
2017-10-03,2017,October,Tuesday,193,29647.5,153.61,694041.35,170541.72,4297252.7,18.89
2017-10-04,2017,October,Wednesday,156,24518.81,157.17,690373.48,170977.3,4321771.51,-17.3
2017-10-05,2017,October,Thursday,138,28373.15,205.6,694688.58,173307.98,4350144.66,15.72
2017-10-06,2017,October,Friday,124,19876.13,160.29,686310.34,162108.33,4370020.79,-29.95
2017-10-07,2017,October,Saturday,100,17222.96,172.23,684436.54,165624.67,4387243.75,-13.35
2017-10-08,2017,October,Sunday,124,19424.09,156.65,689791.62,164000.09,4406667.84,12.78
2017-10-09,2017,October,Monday,187,33381.74,178.51,706087.31,172444.38,4440049.58,71.86
2017-10-10,2017,October,Tuesday,175,31450.93,179.72,717496.73,174247.81,4471500.51,-5.78
2017-10-11,2017,October,Wednesday,151,21848.65,144.69,712527.63,171577.65,4493349.16,-30.53
2017-10-12,2017,October,Thursday,136,21724.54,159.74,702766.54,164929.04,4515073.7,-0.57
2017-10-13,2017,October,Friday,150,25707.8,171.39,696960.78,170760.71,4540781.5,18.34
2017-10-14,2017,October,Saturday,114,15715.4,137.85,686618.54,169253.15,4556496.9,-38.87
2017-10-15,2017,October,Sunday,117,21097.05,180.32,686664.89,170926.11,4577593.95,34.24
2017-10-16,2017,October,Monday,188,34435.34,183.17,699341.52,171979.71,4612029.29,63.22
2017-10-17,2017,October,Tuesday,195,34316.96,175.98,710832.44,174845.74,4646346.25,-0.34
2017-10-18,2017,October,Wednesday,176,31501.88,178.99,711196.33,184498.97,4677848.13,-8.2
2017-10-19,2017,October,Thursday,172,26785.55,155.73,715075.02,189559.98,4704633.68,-14.97
2017-10-20,2017,October,Friday,118,21436.4,181.66,710784.99,185288.58,4726070.08,-19.97
2017-10-21,2017,October,Saturday,104,16798.55,161.52,706100.43,186371.73,4742868.63,-21.64
2017-10-22,2017,October,Sunday,152,22539.73,148.29,710532.03,187814.41,4765408.36,34.18
2017-10-23,2017,October,Monday,152,25132.41,165.34,724133.86,178511.48,4790540.77,11.5
2017-10-24,2017,October,Tuesday,162,25677.06,158.5,734439.7,169871.58,4816217.83,2.17
2017-10-25,2017,October,Wednesday,152,20594.98,135.49,734669.53,158964.68,4836812.81,-19.79
2017-10-26,2017,October,Thursday,140,24937.53,178.13,735039.36,157116.66,4861750.34,21.09
2017-10-27,2017,October,Friday,130,23083.02,177.56,734039.15,158763.28,4884833.36,-7.44
2017-10-28,2017,October,Saturday,85,18741.9,220.49,726738.58,160706.63,4903575.26,-18.81
2017-10-29,2017,October,Sunday,129,20055.17,155.47,715717.97,158222.07,4923630.43,7.01
2017-10-30,2017,October,Monday,138,22367.93,162.09,724379.28,155457.59,4945998.36,11.53
2017-10-31,2017,October,Tuesday,156,26760.99,171.54,730091.6,156541.52,4972759.35,19.64
2017-11-01,2017,November,Wednesday,108,22029.14,203.97,727183.29,157975.68,4994788.49,-17.68
2017-11-02,2017,November,Thursday,117,23825.62,203.64,721361.41,156863.77,5018614.11,8.16
2017-11-03,2017,November,Friday,138,26036.08,188.67,722878.68,159816.83,5044650.19,9.28
2017-11-04,2017,November,Saturday,106,22074.22,208.25,716579.75,163149.15,5066724.41,-15.22
2017-11-05,2017,November,Sunday,137,19815.71,144.64,716519.33,162909.69,5086540.12,-10.23
2017-11-06,2017,November,Monday,182,32103.93,176.4,731400.3,172645.69,5118644.05,62.01
2017-11-07,2017,November,Tuesday,154,23399.01,151.94,735375.22,169283.71,5142043.06,-27.11
2017-11-08,2017,November,Wednesday,169,22458.68,132.89,724452.16,169713.25,5164501.74,-4.02
2017-11-09,2017,November,Thursday,182,28045.15,154.09,721046.38,173932.78,5192546.89,24.87
2017-11-10,2017,November,Friday,159,22010.46,138.43,721208.19,169907.16,5214557.35,-21.52
2017-11-11,2017,November,Saturday,152,26054.42,171.41,725538.07,173887.36,5240611.77,18.37
2017-11-12,2017,November,Sunday,170,25953.39,152.67,725783.66,180025.04,5266565.16,-0.39
2017-11-13,2017,November,Monday,197,28691.3,145.64,738759.56,176612.41,5295256.46,10.55
2017-11-14,2017,November,Tuesday,184,30765.71,167.2,748428.22,183979.11,5326022.17,7.23
2017-11-15,2017,November,Wednesday,176,26278.59,149.31,740271.47,187799.02,5352300.76,-14.58
2017-11-16,2017,November,Thursday,219,32236.15,147.2,738190.66,191990.02,5384536.91,22.67
2017-11-17,2017,November,Friday,185,33589.38,181.56,740278.16,203568.94,5418126.29,4.2
2017-11-18,2017,November,Saturday,141,26543.38,188.25,740035.99,204057.9,5444669.67,-20.98
2017-11-19,2017,November,Sunday,157,23273.59,148.24,741873.18,201378.1,5467943.26,-12.32
2017-11-20,2017,November,Monday,219,49081.73,224.12,774156.36,221768.53,5517024.99,110.89
2017-11-21,2017,November,Tuesday,222,38509.62,173.47,790126.25,229512.44,5555534.61,-21.54
2017-11-22,2017,November,Wednesday,190,28780.66,151.48,793774.5,232014.51,5584315.27,-25.26
2017-11-23,2017,November,Thursday,268,49748.17,185.63,817845.61,249526.53,5634063.44,72.85
2017-11-24,2017,November,Friday,1147,175250.94,152.79,972501.57,391188.09,5809314.38,252.28
2017-11-25,2017,November,Saturday,487,70684.27,145.14,1018248.31,435328.98,5879998.65,-59.67
2017-11-26,2017,November,Sunday,382,52164.38,136.56,1047329.67,464219.77,5932163.03,-26.2
2017-11-27,2017,November,Monday,395,55887.37,141.49,1084475.14,471025.41,5988050.4,7.14
2017-11-28,2017,November,Tuesday,372,55990.31,150.51,1120410.28,488506.1,6044040.71,0.18
2017-11-29,2017,November,Wednesday,314,46164.9,147.02,1144207.25,505890.34,6090205.61,-17.55
2017-11-30,2017,November,Thursday,260,36081.79,138.78,1153528.05,492223.96,6126287.4,-21.84
2017-12-01,2017,December,Friday,267,44851.78,167.98,1176350.69,361824.8,6171139.18,24.31
2017-12-02,2017,December,Saturday,212,35251.72,166.28,1187776.79,326392.25,6206390.9,-21.4
2017-12-03,2017,December,Sunday,227,33708.24,148.49,1195448.95,307936.11,6240099.14,-4.38
2017-12-04,2017,December,Monday,322,51732.07,160.66,1225106.8,303780.81,6291831.21,53.47
2017-12-05,2017,December,Tuesday,269,39049.39,145.17,1244340.48,286839.89,6330880.6,-24.52
2017-12-06,2017,December,Wednesday,269,44917.89,166.98,1257154.44,285592.88,6375798.49,15.03
2017-12-07,2017,December,Thursday,223,32437.07,145.46,1266192.5,281948.16,6408235.56,-27.79
2017-12-08,2017,December,Friday,210,33204.45,158.12,1276938.27,270300.83,6441440.01,2.37
2017-12-09,2017,December,Saturday,154,23321.18,151.44,1272214.3,258370.29,6464761.19,-29.76
2017-12-10,2017,December,Sunday,184,27637.73,150.21,1277841.57,252299.78,6492398.92,18.51
2017-12-11,2017,December,Monday,262,38433.88,146.69,1290221.03,239001.59,6530832.8,39.06
2017-12-12,2017,December,Tuesday,251,37772.83,150.49,1302040.47,237725.03,6568605.63,-1.72
2017-12-13,2017,December,Wednesday,215,33708.8,156.79,1307057.97,226515.94,6602314.43,-10.76
2017-12-14,2017,December,Thursday,195,29203.3,149.76,1305495.56,223282.17,6631517.73,-13.37
2017-12-15,2017,December,Friday,185,30506.85,164.9,1309723.82,220584.57,6662024.58,4.46
2017-12-16,2017,December,Saturday,129,22701.56,175.98,1300189.23,219964.95,6684726.14,-25.59
2017-12-17,2017,December,Sunday,130,21775.65,167.51,1288375.5,214102.87,6706501.79,-4.08
2017-12-18,2017,December,Monday,205,33370.1,162.78,1295202.22,209039.09,6739871.89,53.25
2017-12-19,2017,December,Tuesday,173,23858.26,137.91,1295786.89,195124.52,6763730.15,-28.5
2017-12-20,2017,December,Wednesday,168,30531.41,181.73,1277236.57,191947.13,6794261.56,27.97
2017-12-21,2017,December,Thursday,140,21104.96,150.75,1259831.91,183848.79,6815366.52,-30.87
2017-12-22,2017,December,Friday,108,16443.08,152.25,1247494.33,169785.02,6831809.6,-22.09
2017-12-23,2017,December,Saturday,101,13952.53,138.14,1211698.69,161035.99,6845762.13,-15.15
2017-12-24,2017,December,Sunday,57,6653.69,116.73,1043101.44,145914.03,6852415.82,-52.31
2017-12-25,2017,December,Monday,86,12059.38,140.23,984476.55,124603.31,6864475.2,81.24
2017-12-26,2017,December,Tuesday,165,23280.78,141.1,955592.95,124025.83,6887755.98,93.05
2017-12-27,2017,December,Wednesday,164,20625.7,125.77,920331.28,114120.12,6908381.68,-11.4
2017-12-28,2017,December,Thursday,143,17358.5,121.39,881699.47,110373.66,6925740.18,-15.84
2017-12-29,2017,December,Friday,132,18620.09,141.06,854154.66,112550.67,6944360.27,7.27
2017-12-30,2017,December,Saturday,96,15201.6,158.35,833274.47,113799.74,6959561.87,-18.36
2017-12-31,2017,December,Sunday,71,9924.7,139.78,798347.39,117070.75,6969486.57,-34.71
2018-01-01,2018,January,Monday,72,8307.36,115.38,771403.03,113318.73,6977793.93,-16.3
2018-01-02,2018,January,Tuesday,200,28935.99,144.68,766630.78,118973.94,7006729.92,248.32
2018-01-03,2018,January,Wednesday,219,35871.97,163.8,750770.68,134220.21,7042601.89,23.97
2018-01-04,2018,January,Thursday,248,39137.4,157.81,750858.69,155999.11,7081739.29,9.1
2018-01-05,2018,January,Friday,197,30267.04,153.64,736207.84,167646.06,7112006.33,-22.66
2018-01-06,2018,January,Saturday,213,32447.81,152.34,736218.58,184892.27,7144454.14,7.21
2018-01-07,2018,January,Sunday,192,32749.23,170.57,735763.36,207716.8,7177203.37,0.93
2018-01-08,2018,January,Monday,287,43927.03,153.06,756369.21,243336.47,7221130.4,34.13
2018-01-09,2018,January,Tuesday,246,34951.14,142.08,763682.62,249351.62,7256081.54,-20.43
2018-01-10,2018,January,Wednesday,271,43643.99,161.05,768892.73,257123.64,7299725.53,24.87
2018-01-11,2018,January,Thursday,260,45892.54,176.51,777012.44,263878.78,7345618.07,5.15
2018-01-12,2018,January,Friday,234,35877.3,153.32,779180.94,269489.04,7381495.37,-21.82
2018-01-13,2018,January,Saturday,211,31871.73,151.05,781849.37,268912.96,7413367.1,-11.16
2018-01-14,2018,January,Sunday,229,34947.35,152.61,786289.87,271111.08,7448314.45,9.65
2018-01-15,2018,January,Monday,300,44190.84,147.3,807779.15,271374.89,7492505.29,26.45
2018-01-16,2018,January,Tuesday,296,48957.92,165.4,834961.42,285381.67,7541463.21,10.79
2018-01-17,2018,January,Wednesday,277,41255.67,148.94,842846.99,282993.35,7582718.88,-15.73
2018-01-18,2018,January,Thursday,236,32644.24,138.32,851632.97,269745.05,7615363.12,-20.87
2018-01-19,2018,January,Friday,225,32215.2,143.18,853316.76,266082.95,7647578.32,-1.31
2018-01-20,2018,January,Saturday,182,26667.76,146.53,858879.56,260878.98,7674246.08,-17.22
2018-01-21,2018,January,Sunday,188,25653.42,136.45,868089.9,251585.05,7699899.5,-3.8
2018-01-22,2018,January,Monday,305,42966.09,140.87,897103.46,250360.3,7742865.59,67.49
2018-01-23,2018,January,Tuesday,256,39504.02,154.31,929953.79,240906.4,7782369.61,-8.06
2018-01-24,2018,January,Wednesday,236,35959.91,152.37,953854.32,235610.64,7818329.52,-8.97
2018-01-25,2018,January,Thursday,226,33912.46,150.06,964486.0,236878.86,7852241.98,-5.69
2018-01-26,2018,January,Friday,223,38752.79,173.78,982613.09,243416.45,7890994.77,14.27
2018-01-27,2018,January,Saturday,150,24568.62,163.79,989823.21,241317.31,7915563.39,-36.6
2018-01-28,2018,January,Sunday,149,25685.11,172.38,996888.23,241349.0,7941248.5,4.54
2018-01-29,2018,January,Monday,242,35457.08,146.52,1017143.71,233839.99,7976705.58,38.05
2018-01-30,2018,January,Tuesday,248,34186.5,137.85,1041405.51,228522.47,8010892.08,-3.58
2018-01-31,2018,January,Wednesday,251,37201.35,148.21,1070299.5,229763.91,8048093.43,8.82
2018-02-01,2018,February,Thursday,227,35200.93,155.07,1076564.44,231052.38,8083294.36,-5.38
2018-02-02,2018,February,Friday,207,31573.64,152.53,1072266.11,223873.23,8114868.0,-10.3
2018-02-03,2018,February,Saturday,189,26742.03,141.49,1059870.74,226046.64,8141610.03,-15.3
2018-02-04,2018,February,Sunday,197,27687.48,140.55,1057291.18,228049.01,8169297.51,3.54
2018-02-05,2018,February,Monday,265,41183.29,155.41,1066026.66,233775.22,8210480.8,48.74
2018-02-06,2018,February,Tuesday,262,39162.3,149.47,1072439.73,238751.02,8249643.1,-4.91
2018-02-07,2018,February,Wednesday,242,35845.39,148.12,1064358.09,237395.06,8285488.49,-8.47
2018-02-08,2018,February,Thursday,225,31531.31,140.14,1060938.26,233725.44,8317019.8,-12.04
2018-02-09,2018,February,Friday,208,34643.87,166.56,1051938.14,236795.67,8351663.67,9.87
2018-02-10,2018,February,Saturday,174,24342.08,139.9,1030387.68,234395.72,8376005.75,-29.74
2018-02-11,2018,February,Sunday,165,25377.01,153.8,1019887.39,232085.25,8401382.76,4.25
2018-02-12,2018,February,Monday,214,27569.29,128.83,1015584.95,218471.25,8428952.05,8.64
2018-02-13,2018,February,Tuesday,217,27425.09,126.38,1008062.69,206734.04,8456377.14,-0.52
2018-02-14,2018,February,Wednesday,287,42778.65,149.05,1006650.5,213667.3,8499155.79,55.98
2018-02-15,2018,February,Thursday,270,36737.77,136.07,994430.35,218873.76,8535893.56,-14.12
2018-02-16,2018,February,Friday,210,31451.27,149.77,984625.95,215681.16,8567344.83,-14.39
2018-02-17,2018,February,Saturday,198,29049.53,146.71,981031.24,220388.61,8596394.36,-7.64
2018-02-18,2018,February,Sunday,199,28548.16,143.46,977364.2,223559.76,8624942.52,-1.73
2018-02-19,2018,February,Monday,251,32947.13,131.26,983643.57,228937.6,8657889.65,15.41
2018-02-20,2018,February,Tuesday,283,42199.24,149.11,1000189.39,243711.75,8700088.89,28.08
2018-02-21,2018,February,Wednesday,260,36890.27,141.89,994113.57,237823.37,8736979.16,-12.58
2018-02-22,2018,February,Thursday,268,35576.59,132.75,990186.14,236662.19,8772555.75,-3.56
2018-02-23,2018,February,Friday,232,32866.43,141.67,987092.66,238077.35,8805422.18,-7.62
2018-02-24,2018,February,Saturday,188,27999.58,148.93,981179.78,237027.4,8833421.76,-14.81
2018-02-25,2018,February,Sunday,231,33900.73,146.76,976327.72,242379.97,8867322.49,21.08
2018-02-26,2018,February,Monday,290,49659.98,171.24,1001419.08,259092.82,8916982.47,46.49
2018-02-27,2018,February,Tuesday,293,46614.44,159.09,1022348.41,263508.02,8963596.91,-6.13
2018-02-28,2018,February,Wednesday,303,51007.4,168.34,1037898.73,277625.15,9014604.31,9.42
2018-03-01,2018,March,Thursday,268,45237.19,168.8,1048949.42,287285.75,9059841.5,-11.31
2018-03-02,2018,March,Friday,262,36904.02,140.86,1048652.09,291323.34,9096745.52,-18.42
2018-03-03,2018,March,Saturday,205,30780.47,150.15,1044231.63,294104.23,9127525.99,-16.59
2018-03-04,2018,March,Sunday,228,35533.64,155.85,1048191.63,295737.14,9163059.63,15.44
2018-03-05,2018,March,Monday,252,43688.21,173.37,1065137.81,289765.37,9206747.84,22.95
2018-03-06,2018,March,Tuesday,268,44866.09,167.41,1082316.42,288017.02,9251613.93,2.7
2018-03-07,2018,March,Wednesday,254,41584.0,163.72,1082717.13,278593.62,9293197.93,-7.32
2018-03-08,2018,March,Thursday,227,33059.59,145.64,1076614.42,266416.02,9326257.52,-20.5
2018-03-09,2018,March,Friday,197,32245.91,163.68,1073014.94,261757.91,9358503.43,-2.46
2018-03-10,2018,March,Saturday,185,29722.84,160.66,1071206.47,260700.28,9388226.27,-7.82
2018-03-11,2018,March,Sunday,215,36317.38,168.92,1072879.98,261484.02,9424543.65,22.19
2018-03-12,2018,March,Monday,228,35245.42,154.59,1083783.32,253041.23,9459789.07,-2.95
2018-03-13,2018,March,Tuesday,217,40303.17,185.73,1098709.48,248478.31,9500092.24,14.35
2018-03-14,2018,March,Wednesday,195,27150.51,139.23,1098290.7,234044.82,9527242.75,-32.63
2018-03-15,2018,March,Thursday,272,48505.73,178.33,1119371.34,249490.96,9575748.48,78.65
2018-03-16,2018,March,Friday,242,37682.45,155.71,1114275.14,254927.5,9613430.93,-22.31
2018-03-17,2018,March,Saturday,176,23542.99,133.77,1101080.36,248747.65,9636973.92,-37.52
2018-03-18,2018,March,Sunday,211,35452.6,168.02,1105081.69,247882.87,9672426.52,50.59
2018-03-19,2018,March,Monday,293,51213.97,174.79,1127246.13,263851.42,9723640.49,44.46
2018-03-20,2018,March,Tuesday,292,42122.06,144.25,1140820.03,265670.31,9765762.55,-17.75
2018-03-21,2018,March,Wednesday,277,45667.68,164.87,1153540.58,284187.48,9811430.23,8.42
2018-03-22,2018,March,Thursday,249,36150.42,145.18,1147491.76,271832.17,9847580.65,-20.84
2018-03-23,2018,March,Friday,209,31492.41,150.68,1142093.9,265642.13,9879073.06,-12.89
2018-03-24,2018,March,Saturday,163,27433.67,168.3,1133950.98,269532.81,9906506.73,-12.89
2018-03-25,2018,March,Sunday,188,29948.35,159.3,1131032.9,264028.56,9936455.08,9.17
2018-03-26,2018,March,Monday,266,41107.03,154.54,1144140.35,253921.62,9977562.11,37.26
2018-03-27,2018,March,Tuesday,239,39310.44,164.48,1149550.06,251110.0,10016872.55,-4.37
2018-03-28,2018,March,Wednesday,210,31423.56,149.64,1131313.64,236865.88,10048296.11,-20.06
2018-03-29,2018,March,Thursday,188,32834.01,174.65,1117533.21,233549.47,10081130.12,4.49
2018-03-30,2018,March,Friday,163,25998.0,159.5,1092523.81,228055.06,10107128.12,-20.82
2018-03-31,2018,March,Saturday,164,28154.19,171.67,1075440.81,228775.58,10135282.31,8.29
2018-04-01,2018,April,Sunday,201,33208.59,165.22,1071745.38,232035.82,10168490.9,17.95
2018-04-02,2018,April,Monday,274,46569.05,169.96,1087533.96,237497.84,10215059.95,40.23
2018-04-03,2018,April,Tuesday,243,41814.26,172.08,1093814.58,240001.66,10256874.21,-10.21
2018-04-04,2018,April,Wednesday,252,42190.71,167.42,1092317.08,250768.81,10299064.92,0.9
2018-04-05,2018,April,Thursday,261,41827.99,160.26,1089278.98,259762.79,10340892.91,-0.86
2018-04-06,2018,April,Friday,181,30713.51,169.69,1078408.49,264478.3,10371606.42,-26.57
2018-04-07,2018,April,Saturday,161,28285.11,175.68,1073634.01,264609.22,10399891.53,-7.91
2018-04-08,2018,April,Sunday,183,27508.1,150.32,1068896.2,258908.73,10427399.63,-2.75
2018-04-09,2018,April,Monday,250,55344.94,221.38,1094518.3,267684.62,10482744.57,101.2
2018-04-10,2018,April,Tuesday,196,31879.46,162.65,1090080.38,257749.82,10514624.03,-42.4
2018-04-11,2018,April,Wednesday,262,44426.54,169.57,1099261.5,259985.65,10559050.57,39.36
2018-04-12,2018,April,Thursday,253,39744.34,157.09,1098702.67,257902.0,10598794.91,-10.54
2018-04-13,2018,April,Friday,197,34785.48,176.58,1106337.64,261973.97,10633580.39,-12.48
2018-04-14,2018,April,Saturday,145,22305.81,153.83,1080137.72,255994.67,10655886.2,-35.88
2018-04-15,2018,April,Sunday,219,36151.24,165.07,1078606.51,264637.81,10692037.44,62.07
2018-04-16,2018,April,Monday,276,46881.58,169.86,1101945.1,256174.45,10738919.02,29.68
2018-04-17,2018,April,Tuesday,258,39357.93,152.55,1105850.43,263652.92,10778276.95,-16.05
2018-04-18,2018,April,Wednesday,271,44858.48,165.53,1099494.94,264084.86,10823135.43,13.98
2018-04-19,2018,April,Thursday,287,49231.13,171.54,1106604.01,273571.65,10872366.56,9.75
2018-04-20,2018,April,Friday,192,31389.13,163.49,1092325.46,270175.3,10903755.69,-36.24
2018-04-21,2018,April,Saturday,154,22309.62,144.87,1078484.66,270179.11,10926065.31,-28.93
2018-04-22,2018,April,Sunday,199,31803.77,159.82,1078796.02,265831.64,10957869.08,42.56
2018-04-23,2018,April,Monday,283,43741.62,154.56,1095103.97,262691.68,11001610.7,37.54
2018-04-24,2018,April,Tuesday,265,48920.61,184.61,1114076.23,272254.36,11050531.31,11.84
2018-04-25,2018,April,Wednesday,279,46862.93,167.97,1119832.13,274258.81,11097394.24,-4.21
2018-04-26,2018,April,Thursday,250,36424.31,145.7,1116946.0,261451.99,11133818.55,-22.27
2018-04-27,2018,April,Friday,237,45327.22,191.25,1130849.66,275390.08,11179145.77,24.44
2018-04-28,2018,April,Saturday,166,25846.43,155.7,1123862.08,278926.89,11204992.2,-42.98
2018-04-29,2018,April,Sunday,168,22756.58,135.46,1120620.66,269879.7,11227748.78,-11.95
2018-04-30,2018,April,Monday,235,40467.48,172.2,1132933.95,266605.56,11268216.26,77.83
2018-05-01,2018,May,Tuesday,252,37921.15,150.48,1137646.51,255606.1,11306137.41,-6.29
2018-05-02,2018,May,Wednesday,287,42472.0,147.99,1133549.46,251215.17,11348609.41,12.0
2018-05-03,2018,May,Thursday,300,47937.34,159.79,1139672.54,262728.2,11396546.75,12.87
2018-05-04,2018,May,Friday,262,44708.27,170.64,1142190.1,262109.25,11441255.02,-6.74
2018-05-05,2018,May,Saturday,192,32062.42,166.99,1132424.53,268325.24,11473317.44,-28.29
2018-05-06,2018,May,Sunday,206,32174.89,156.19,1133885.91,277743.55,11505492.33,0.35
2018-05-07,2018,May,Monday,363,60805.33,167.51,1166406.13,298081.4,11566297.66,88.98
2018-05-08,2018,May,Tuesday,323,53989.69,167.15,1192887.72,314149.94,11620287.35,-11.21
2018-05-09,2018,May,Wednesday,335,49598.24,148.05,1187141.02,321276.18,11669885.59,-8.13
2018-05-10,2018,May,Thursday,273,56936.59,208.56,1212198.15,330275.43,11726822.18,14.8
2018-05-11,2018,May,Friday,244,43139.65,176.8,1210911.26,328706.81,11769961.83,-24.23
2018-05-12,2018,May,Saturday,200,33775.17,168.88,1204942.09,330419.56,11803737.0,-21.71
2018-05-13,2018,May,Sunday,205,36076.26,175.98,1206232.87,334320.93,11839813.26,6.81
2018-05-14,2018,May,Monday,355,60753.88,171.14,1244680.94,334269.48,11900567.14,68.4
2018-05-15,2018,May,Tuesday,348,49217.98,141.43,1257747.68,329497.77,11949785.12,-18.99
2018-05-16,2018,May,Wednesday,351,63960.93,182.22,1274827.03,343860.46,12013746.05,29.95
2018-05-17,2018,May,Thursday,224,35328.37,157.72,1270797.47,322252.24,12049074.42,-44.77
2018-05-18,2018,May,Friday,232,35661.17,153.71,1261600.16,314773.76,12084735.59,0.94
2018-05-19,2018,May,Saturday,137,28140.17,205.4,1240509.2,309138.76,12112875.76,-21.09
2018-05-20,2018,May,Sunday,158,22624.45,143.19,1231744.52,295686.95,12135500.21,-19.6
2018-05-21,2018,May,Monday,199,28743.66,144.44,1238178.56,263676.73,12164243.87,27.05
2018-05-22,2018,May,Tuesday,195,31382.42,160.94,1237757.21,245841.17,12195626.29,9.18
2018-05-23,2018,May,Wednesday,132,20262.3,153.5,1214277.89,202142.54,12215888.59,-35.43
2018-05-24,2018,May,Thursday,113,22210.47,196.55,1187567.75,189024.64,12238099.06,9.61
2018-05-25,2018,May,Friday,103,18137.37,176.09,1158842.19,171500.84,12256236.43,-18.34
2018-05-26,2018,May,Saturday,99,16914.09,170.85,1139331.97,160274.76,12273150.52,-6.74
2018-05-27,2018,May,Sunday,100,14693.68,146.94,1108698.43,152343.99,12287844.2,-13.13
2018-05-28,2018,May,Monday,142,30114.99,212.08,1112966.99,153715.32,12317959.19,104.95
2018-05-29,2018,May,Tuesday,149,29441.33,197.59,1119651.74,151774.23,12347400.52,-2.24
2018-05-30,2018,May,Wednesday,138,22279.17,161.44,1101463.43,153791.1,12369679.69,-24.33
2018-05-31,2018,May,Thursday,132,27373.26,207.37,1090915.54,158953.89,12397052.95,22.86
2018-06-01,2018,June,Friday,184,37284.05,202.63,1085727.59,178100.57,12434337.0,36.21
2018-06-02,2018,June,Saturday,141,28870.67,204.76,1066660.92,190057.15,12463207.67,-22.57
2018-06-03,2018,June,Sunday,189,32375.81,171.3,1054328.46,207739.28,12495583.48,12.14
2018-06-04,2018,June,Monday,222,33866.17,152.55,1056132.21,211490.46,12529449.65,4.6
2018-06-05,2018,June,Tuesday,196,35869.16,183.01,1059826.48,217918.29,12565318.81,5.91
2018-06-06,2018,June,Wednesday,227,32176.98,141.75,1031198.13,227816.1,12597495.79,-10.29
2018-06-07,2018,June,Thursday,223,42676.38,191.37,1019884.82,243119.22,12640172.17,32.63
2018-06-08,2018,June,Friday,195,31031.82,159.14,1001318.4,236866.99,12671203.99,-27.29
2018-06-09,2018,June,Saturday,169,33831.91,200.19,978213.72,241828.23,12705035.9,9.02
2018-06-10,2018,June,Sunday,190,30124.46,158.55,965198.53,239576.88,12735160.36,-10.96
2018-06-11,2018,June,Monday,294,57345.56,195.05,988768.92,263056.27,12792505.92,90.36
2018-06-12,2018,June,Tuesday,244,46630.26,191.11,999322.92,273817.37,12839136.18,-18.69
2018-06-13,2018,June,Wednesday,253,40557.07,160.3,979126.11,282197.46,12879693.25,-13.02
2018-06-14,2018,June,Thursday,211,32553.16,154.28,962461.29,272074.24,12912246.41,-19.73
2018-06-15,2018,June,Friday,182,31134.14,171.07,929634.5,272176.56,12943380.55,-4.36
2018-06-16,2018,June,Saturday,162,28607.93,176.59,922914.06,266952.58,12971988.48,-8.11
2018-06-17,2018,June,Sunday,151,20657.67,136.81,907910.56,257485.79,12992646.15,-27.79
2018-06-18,2018,June,Monday,243,39773.01,163.67,919543.4,239913.24,13032419.16,92.53
2018-06-19,2018,June,Tuesday,228,39427.64,172.93,936346.59,232710.62,13071846.8,-0.87
2018-06-20,2018,June,Wednesday,216,34251.5,158.57,941854.43,226405.05,13106098.3,-13.13
2018-06-21,2018,June,Thursday,232,33152.97,142.9,943624.98,227004.86,13139251.27,-3.21
2018-06-22,2018,June,Friday,177,28484.57,160.93,951847.25,224355.29,13167735.84,-14.08
2018-06-23,2018,June,Saturday,149,21043.65,141.23,950680.43,216791.01,13188779.49,-26.12
2018-06-24,2018,June,Sunday,198,29291.59,147.94,961834.65,225424.93,13218071.08,39.19
2018-06-25,2018,June,Monday,238,41024.31,172.37,985944.87,226676.23,13259095.39,40.05
2018-06-26,2018,June,Tuesday,238,36999.52,155.46,1008250.71,224248.11,13296094.91,-9.81
2018-06-27,2018,June,Wednesday,214,32505.93,151.9,1010641.65,222502.54,13328600.84,-12.14
2018-06-28,2018,June,Thursday,239,37182.97,155.58,1018383.29,226532.54,13365783.81,14.39
2018-06-29,2018,June,Friday,171,24857.31,145.36,1020961.43,222905.28,13390641.12,-33.15
2018-06-30,2018,June,Saturday,123,18502.51,150.43,1012090.68,220364.14,13409143.63,-25.57
2018-07-01,2018,July,Sunday,159,28512.39,179.32,1003319.02,219584.94,13437656.02,54.1
2018-07-02,2018,July,Monday,193,29113.41,150.85,1003561.76,207674.04,13466769.43,2.11
2018-07-03,2018,July,Tuesday,214,31209.77,145.84,1002395.72,201884.29,13497979.2,7.2
2018-07-04,2018,July,Wednesday,251,41009.49,163.38,1009539.04,210387.85,13538988.69,31.4
2018-07-05,2018,July,Thursday,193,33574.05,173.96,1007243.93,206778.93,13572562.74,-18.13
2018-07-06,2018,July,Friday,120,21828.25,181.9,996895.2,203749.87,13594390.99,-34.98
2018-07-07,2018,July,Saturday,89,10942.08,122.94,965160.9,196189.44,13605333.07,-49.87
2018-07-08,2018,July,Sunday,118,17107.22,144.98,951236.3,184784.27,13622440.29,56.34
2018-07-09,2018,July,Monday,146,22894.0,156.81,940298.39,178564.86,13645334.29,33.83
2018-07-10,2018,July,Tuesday,129,21572.53,167.23,931746.46,168927.62,13666906.82,-5.77
2018-07-11,2018,July,Wednesday,123,21286.74,173.06,895687.64,149204.87,13688193.56,-1.32
2018-07-12,2018,July,Thursday,117,22767.58,194.59,871824.96,138398.4,13710961.14,6.96
2018-07-13,2018,July,Friday,167,32529.39,194.79,863797.28,149099.54,13743490.53,42.88
2018-07-14,2018,July,Saturday,142,25593.41,180.24,856837.53,163750.87,13769083.94,-21.32
2018-07-15,2018,July,Sunday,148,33876.6,228.9,859579.99,180520.25,13802960.54,32.36
2018-07-16,2018,July,Monday,238,36329.5,152.64,867301.56,193955.75,13839290.04,7.24
2018-07-17,2018,July,Tuesday,216,34775.6,161.0,881419.49,207158.82,13874065.64,-4.28
2018-07-18,2018,July,Wednesday,302,48588.05,160.89,890234.53,234460.13,13922653.69,39.72
2018-07-19,2018,July,Thursday,249,44557.39,178.95,895364.28,256249.94,13967211.08,-8.3
2018-07-20,2018,July,Friday,247,37905.62,153.46,899018.4,261626.17,14005116.7,-14.93
2018-07-21,2018,July,Saturday,184,25130.58,136.58,890996.01,261163.34,14030247.28,-33.7
2018-07-22,2018,July,Sunday,213,30939.74,145.26,893451.18,258226.48,14061187.02,23.12
2018-07-23,2018,July,Monday,298,47195.4,158.37,919602.93,269092.38,14108382.42,52.54
2018-07-24,2018,July,Tuesday,264,46345.99,175.55,936657.33,280662.77,14154728.41,-1.8
2018-07-25,2018,July,Wednesday,264,47599.78,180.3,943232.8,279674.5,14202328.19,2.71
2018-07-26,2018,July,Thursday,244,41183.98,168.79,947417.26,276301.09,14243512.17,-13.48
2018-07-27,2018,July,Friday,186,33017.33,177.51,947928.66,271412.8,14276529.5,-19.83
2018-07-28,2018,July,Saturday,172,29350.49,170.64,940096.18,275632.71,14305879.99,-11.11
2018-07-29,2018,July,Sunday,182,34233.31,188.1,949472.18,278926.28,14340113.3,16.64
2018-07-30,2018,July,Monday,278,44165.92,158.87,975135.59,275896.8,14384279.22,29.01
2018-07-31,2018,July,Tuesday,313,52768.27,168.59,999391.47,282319.08,14437047.49,19.48
2018-08-01,2018,August,Wednesday,306,48066.11,157.08,1018344.17,282785.41,14485113.6,-8.91
2018-08-02,2018,August,Thursday,292,44852.24,153.6,1031986.64,286453.67,14529965.84,-6.69
2018-08-03,2018,August,Friday,308,48819.75,158.51,1039796.9,302256.09,14578785.59,8.85
2018-08-04,2018,August,Saturday,236,40250.11,170.55,1046472.96,313155.71,14619035.7,-17.55
2018-08-05,2018,August,Sunday,269,41282.34,153.47,1065927.05,320204.74,14660318.04,2.56
2018-08-06,2018,August,Monday,363,62728.23,172.81,1117713.2,338767.05,14723046.27,51.95
2018-08-07,2018,August,Tuesday,353,55643.03,157.63,1156249.01,341641.81,14778689.3,-11.3
2018-08-08,2018,August,Wednesday,310,50376.96,162.51,1183731.97,343952.66,14829066.26,-9.46
2018-08-09,2018,August,Thursday,280,46246.05,165.16,1208405.49,345346.47,14875312.31,-8.2
2018-08-10,2018,August,Friday,249,38934.43,156.36,1226053.18,335461.15,14914246.74,-15.81
2018-08-11,2018,August,Saturday,185,30511.58,164.93,1233797.18,325722.62,14944758.32,-21.63
2018-08-12,2018,August,Sunday,191,34260.37,179.37,1235528.16,318700.65,14979018.69,12.29
2018-08-13,2018,August,Monday,284,45431.38,159.97,1255366.13,301403.8,15024450.07,32.61
2018-08-14,2018,August,Tuesday,311,51138.46,164.43,1272627.99,296899.23,15075588.53,12.56
2018-08-15,2018,August,Wednesday,282,52083.74,184.69,1288382.23,298606.01,15127672.27,1.85
2018-08-16,2018,August,Thursday,316,41699.15,131.96,1295305.78,294059.11,15169371.42,-19.94
2018-08-17,2018,August,Friday,249,36948.84,148.39,1283666.57,292073.52,15206320.26,-11.39
2018-08-18,2018,August,Saturday,193,28475.76,147.54,1267584.94,290037.7,15234796.02,-22.93
2018-08-19,2018,August,Sunday,204,29989.35,147.01,1259668.67,285766.68,15264785.37,5.32
2018-08-20,2018,August,Monday,251,39054.09,155.59,1273592.18,279389.39,15303839.46,30.23
2018-08-21,2018,August,Tuesday,238,30773.18,129.3,1273425.62,259024.11,15334612.64,-21.2
2018-08-22,2018,August,Wednesday,185,24203.63,130.83,1250433.85,231144.0,15358816.27,-21.35
2018-08-23,2018,August,Thursday,142,19522.58,137.48,1223610.44,208967.43,15378338.85,-19.34
2018-08-24,2018,August,Friday,96,11085.63,115.48,1187096.29,183104.22,15389424.48,-43.22
2018-08-25,2018,August,Saturday,69,11737.76,170.11,1157650.07,166366.22,15401162.24,5.88
2018-08-26,2018,August,Sunday,73,9304.0,127.45,1133936.74,145680.87,15410466.24,-20.73
2018-08-27,2018,August,Monday,66,6111.6,92.6,1110697.85,112738.38,15416577.84,-34.31
2018-08-28,2018,August,Tuesday,39,4121.23,105.67,1080585.77,86086.43,15420699.07,-32.57
2018-08-29,2018,August,Wednesday,11,1762.7,160.25,1038182.55,63645.5,15422461.77,-57.23
